id,image_path,audio_path,text,shard_id,local_idx,global_idx
251,/home/zhaoshuai/workspace/CommoditySemanticAlignmentDemo/datas/origin_datas/images_part/251.jpg,/home/zhaoshuai/workspace/CommoditySemanticAlignmentDemo/datas/origin_datas/audio_part/251.mp3,title:侧开盖旅行箱宽拉杆铝框女24寸大容量可扩展密码箱行李箱男生20寸 | 商品名称:侧开盖旅行箱宽拉杆铝框女24寸大容量可扩展密码箱行李箱男生20寸 | label:行李箱 | Llabel:出行用品 | 商品分类:出行用品 | 商品价格:376 | 店铺名称:木星飞行旗舰店 | 所属地区名称:浙江 | ASR:测开盖旅行乡宽拉杆旅逛女24寸大容量可扩展密码乡行李乡男生20寸。,1,0,250
252,/home/zhaoshuai/workspace/CommoditySemanticAlignmentDemo/datas/origin_datas/images_part/252.jpg,/home/zhaoshuai/workspace/CommoditySemanticAlignmentDemo/datas/origin_datas/audio_part/252.mp3,title:新款侧开口行李箱女大容量可扩展PC拉杆箱20寸登机箱男静音旅行 | 商品名称:新款侧开口行李箱女大容量可扩展PC拉杆箱20寸登机箱男静音旅行 | label:行李箱 | Llabel:出行用品 | 商品分类:出行用品 | 商品价格:156 | 店铺名称:卡尼箱包 | 所属地区名称:浙江 | ASR:新款厕开口行李箱女大容量可扩展 PCIe拉干箱20寸登机箱南镜音旅行。,1,1,251
253,/home/zhaoshuai/workspace/CommoditySemanticAlignmentDemo/datas/origin_datas/images_part/253.jpg,/home/zhaoshuai/workspace/CommoditySemanticAlignmentDemo/datas/origin_datas/audio_part/253.mp3,"title:终于找到了一款实用又好看的行李箱，多色可选，赠送贴纸箱套！ | 商品名称:终于找到了一款实用又好看的行李箱，多色可选，赠送贴纸箱套！ | label:行李箱 | Llabel:出行用品 | 商品分类:出行用品 | 商品价格:363 | 店铺名称:御旅旗舰店 | 所属地区名称:浙江 | ASR:终于找到了一款食用又好看的行李箱,多色可选,正送贴纸箱套。",1,2,252
254,/home/zhaoshuai/workspace/CommoditySemanticAlignmentDemo/datas/origin_datas/images_part/254.jpg,/home/zhaoshuai/workspace/CommoditySemanticAlignmentDemo/datas/origin_datas/audio_part/254.mp3,title:超大容量侧开口行李箱静音可扩展20寸登机箱翻盖拉杆箱女PC旅行 | 商品名称:超大容量侧开口行李箱静音可扩展20寸登机箱翻盖拉杆箱女PC旅行 | label:行李箱 | Llabel:出行用品 | 商品分类:出行用品 | 商品价格:158 | 店铺名称:梵玲旅行箱 | 所属地区名称:浙江 | ASR:超打容量测开口行李箱静音可扩展20吋登机箱翻改拉杆箱与PC旅行。,1,3,253
255,/home/zhaoshuai/workspace/CommoditySemanticAlignmentDemo/datas/origin_datas/images_part/255.jpg,/home/zhaoshuai/workspace/CommoditySemanticAlignmentDemo/datas/origin_datas/audio_part/255.mp3,title:PC材质耐磨行李箱男士高级感24拉杆箱女20飞机可带登机26寸旅行 | 商品名称:PC材质耐磨行李箱男士高级感24拉杆箱女20飞机可带登机26寸旅行 | label:行李箱 | Llabel:出行用品 | 商品分类:出行用品 | 商品价格:232 | 店铺名称:圣斯顿保罗工厂总店 | 所属地区名称:河北 | ASR:PC材质耐磨行李箱男士高级感24拉肝相女20飞机可带登机26寸旅行,1,4,254
256,/home/zhaoshuai/workspace/CommoditySemanticAlignmentDemo/datas/origin_datas/images_part/256.jpg,/home/zhaoshuai/workspace/CommoditySemanticAlignmentDemo/datas/origin_datas/audio_part/256.mp3,title:汉客旅行箱万向轮 商务拉杆箱男24/20寸女登机箱软箱子密码 | 商品名称:汉客旅行箱万向轮 商务拉杆箱男24/20寸女登机箱软箱子密码 | label:行李箱 | Llabel:出行用品 | 商品分类:出行用品 | 商品价格:251 | 店铺名称:汉客旗舰店 | 所属地区名称:广东 | ASR:汉客旅行乡万象伦商务拉干乡南20分之24寸 女灯鸡乡软乡紫密码。,1,5,255
257,/home/zhaoshuai/workspace/CommoditySemanticAlignmentDemo/datas/origin_datas/images_part/257.jpg,/home/zhaoshuai/workspace/CommoditySemanticAlignmentDemo/datas/origin_datas/audio_part/257.mp3,title:行李箱女2025新款拉杆箱可登机20寸24小型28旅行密码皮箱子静音轮 | 商品名称:行李箱女2025新款拉杆箱可登机20寸24小型28旅行密码皮箱子静音轮 | label:行李箱 | Llabel:出行用品 | 商品分类:出行用品 | 商品价格:82 | 店铺名称:米曼尼旗舰店 | 所属地区名称:江西 | ASR:行李箱女2025 新款拉干箱可登基20寸24小型28旅行密码批箱子竞英伦。,1,6,256
258,/home/zhaoshuai/workspace/CommoditySemanticAlignmentDemo/datas/origin_datas/images_part/258.jpg,/home/zhaoshuai/workspace/CommoditySemanticAlignmentDemo/datas/origin_datas/audio_part/258.mp3,"title:旅行箱行李箱铝框20拉杆箱万向轮24女男学生26登机密码皮子28寸 | 商品名称:旅行箱行李箱铝框20拉杆箱万向轮24女男学生26登机密码皮子28寸 | label:行李箱 | Llabel:出行用品 | 商品分类:出行用品 | 商品价格:91 | 店铺名称:卡帝乐鳄鱼宏丰专卖店 | 所属地区名称:浙江 | ASR:旅行香、行利香、旅逛,20拉干香、万香轮,24女男学生,26登机密码皮子,28寸。",1,7,257
259,/home/zhaoshuai/workspace/CommoditySemanticAlignmentDemo/datas/origin_datas/images_part/259.jpg,/home/zhaoshuai/workspace/CommoditySemanticAlignmentDemo/datas/origin_datas/audio_part/259.mp3,title:瑞士军刀新款大容量行李箱女28寸轻便PC旅行箱24男结实耐用拉杆箱 | 商品名称:瑞士军刀新款大容量行李箱女28寸轻便PC旅行箱24男结实耐用拉杆箱 | label:行李箱 | Llabel:出行用品 | 商品分类:出行用品 | 商品价格:361 | 店铺名称:wemgesabre箱包旗舰店 | 所属地区名称:广东 | ASR:瑞士军刀新款大容量行李相女28寸清变 PCIe旅行箱24男皆使耐用拉杆箱。,1,8,258
260,/home/zhaoshuai/workspace/CommoditySemanticAlignmentDemo/datas/origin_datas/images_part/260.jpg,/home/zhaoshuai/workspace/CommoditySemanticAlignmentDemo/datas/origin_datas/audio_part/260.mp3,title:2025新款行李箱20寸旅行箱24寸拉杆箱结实耐用加厚箱包女PC可扩展 | 商品名称:2025新款行李箱20寸旅行箱24寸拉杆箱结实耐用加厚箱包女PC可扩展 | label:行李箱 | Llabel:出行用品 | 商品分类:出行用品 | 商品价格:278 | 店铺名称:frontwalker箱包旗舰店 | 所属地区名称:浙江 | ASR:2025新款行李箱20寸旅行箱24寸拉干箱接时耐用加后相包女PC可扩展,1,9,259
261,/home/zhaoshuai/workspace/CommoditySemanticAlignmentDemo/datas/origin_datas/images_part/261.jpg,/home/zhaoshuai/workspace/CommoditySemanticAlignmentDemo/datas/origin_datas/audio_part/261.mp3,title:前开口行李箱男生20寸2025新款多功能28寸大容量拉杆密码旅行箱女 | 商品名称:前开口行李箱男生20寸2025新款多功能28寸大容量拉杆密码旅行箱女 | label:行李箱 | Llabel:出行用品 | 商品分类:出行用品 | 商品价格:346 | 店铺名称:木星飞行旗舰店 | 所属地区名称:浙江 | ASR:前开口行李箱男生20寸 2025新款多功能28寸大容量拉干密码旅行相女,1,10,260
262,/home/zhaoshuai/workspace/CommoditySemanticAlignmentDemo/datas/origin_datas/images_part/262.jpg,/home/zhaoshuai/workspace/CommoditySemanticAlignmentDemo/datas/origin_datas/audio_part/262.mp3,title:多功能行李箱女皮箱拉杆箱37分大容量28寸密码箱学生加厚旅行男 | 商品名称:多功能行李箱女皮箱拉杆箱37分大容量28寸密码箱学生加厚旅行男 | label:行李箱 | Llabel:出行用品 | 商品分类:出行用品 | 商品价格:82 | 店铺名称:nicofessi旗舰店 | 所属地区名称:江西 | ASR:多功能行李箱女皮箱拉干箱37分大容量28寸密码箱学生家后旅行男。,1,11,261
263,/home/zhaoshuai/workspace/CommoditySemanticAlignmentDemo/datas/origin_datas/images_part/263.jpg,/home/zhaoshuai/workspace/CommoditySemanticAlignmentDemo/datas/origin_datas/audio_part/263.mp3,title:40寸超大容量行李箱男ins网红旅行箱女 32寸加厚拉链万向轮拉杆 | 商品名称:40寸超大容量行李箱男ins网红旅行箱女 32寸加厚拉链万向轮拉杆 | label:行李箱 | Llabel:出行用品 | 商品分类:出行用品 | 商品价格:126 | 店铺名称:社長の店 | 所属地区名称:浙江 | ASR:四十寸超大容量行李箱南根斯网红旅行香女三十二寸加厚拉链万象轮拉干。,1,12,262
264,/home/zhaoshuai/workspace/CommoditySemanticAlignmentDemo/datas/origin_datas/images_part/264.jpg,/home/zhaoshuai/workspace/CommoditySemanticAlignmentDemo/datas/origin_datas/audio_part/264.mp3,title:行李箱24寸女2025新款大容量拉杆箱结实耐用加厚密码旅行皮子男 | 商品名称:行李箱24寸女2025新款大容量拉杆箱结实耐用加厚密码旅行皮子男 | label:行李箱 | Llabel:出行用品 | 商品分类:出行用品 | 商品价格:121 | 店铺名称:星旅仕箱包旗舰店 | 所属地区名称:江西 | ASR:行李箱24寸女2025新款大容量拉干箱皆实耐用加厚密码履行皮自难。,1,13,263
265,/home/zhaoshuai/workspace/CommoditySemanticAlignmentDemo/datas/origin_datas/images_part/265.jpg,/home/zhaoshuai/workspace/CommoditySemanticAlignmentDemo/datas/origin_datas/audio_part/265.mp3,title:珂罗诗行李箱2025新款女男生拉杆结实耐用旅行密码箱铝框皮箱20寸 | 商品名称:珂罗诗行李箱2025新款女男生拉杆结实耐用旅行密码箱铝框皮箱20寸 | label:行李箱 | Llabel:出行用品 | 商品分类:出行用品 | 商品价格:109 | 店铺名称:珂罗诗箱包旗舰店 | 所属地区名称:浙江 | ASR:克罗斯行李箱2025新款女男生拉干阶屎奈用旅行密码相旅框批箱20寸。,1,14,264
266,/home/zhaoshuai/workspace/CommoditySemanticAlignmentDemo/datas/origin_datas/images_part/266.jpg,/home/zhaoshuai/workspace/CommoditySemanticAlignmentDemo/datas/origin_datas/audio_part/266.mp3,title:地平线8号行李箱女2025新款20寸登机箱拉杆箱26寸旅行箱24寸箱子 | 商品名称:地平线8号行李箱女2025新款20寸登机箱拉杆箱26寸旅行箱24寸箱子 | label:行李箱 | Llabel:出行用品 | 商品分类:出行用品 | 商品价格:497 | 店铺名称:地平线8号旗舰店 | 所属地区名称:福建 | ASR:地平线8号行李乡女2025新款20寸登机箱拉干箱26寸旅行乡24寸箱子。,1,15,265
267,/home/zhaoshuai/workspace/CommoditySemanticAlignmentDemo/datas/origin_datas/images_part/267.jpg,/home/zhaoshuai/workspace/CommoditySemanticAlignmentDemo/datas/origin_datas/audio_part/267.mp3,title:德国科思途新款前开口可扩容行李箱20寸登机女28拉杆箱皮大容量 | 商品名称:德国科思途新款前开口可扩容行李箱20寸登机女28拉杆箱皮大容量 | label:行李箱 | Llabel:出行用品 | 商品分类:出行用品 | 商品价格:346 | 店铺名称:科思途旗舰店 | 所属地区名称:浙江 | ASR:德国科斯图新款前开口可扩容行利箱20寸灯金女28拉干香皮大容量。,1,16,266
268,/home/zhaoshuai/workspace/CommoditySemanticAlignmentDemo/datas/origin_datas/images_part/268.jpg,/home/zhaoshuai/workspace/CommoditySemanticAlignmentDemo/datas/origin_datas/audio_part/268.mp3,"title:【新品】CECE大容量深仓拉链行李箱轻便结实耐用旅行箱拉杆皮箱子 | 商品名称:【新品】CECE大容量深仓拉链行李箱轻便结实耐用旅行箱拉杆皮箱子 | label:行李箱 | Llabel:出行用品 | 商品分类:出行用品 | 商品价格:371 | 店铺名称:cece旗舰店 | 所属地区名称:浙江 | ASR:新品,C-Star容量深苍拉莲行李香清扁皆食耐用旅行香拉干皮香子。",1,17,267
269,/home/zhaoshuai/workspace/CommoditySemanticAlignmentDemo/datas/origin_datas/images_part/269.jpg,/home/zhaoshuai/workspace/CommoditySemanticAlignmentDemo/datas/origin_datas/audio_part/269.mp3,title:璐思迪前开盖行李箱女2025新款登机拉杆箱20寸箱子旅行箱24男女26 | 商品名称:璐思迪前开盖行李箱女2025新款登机拉杆箱20寸箱子旅行箱24男女26 | label:行李箱 | Llabel:出行用品 | 商品分类:出行用品 | 商品价格:441 | 店铺名称:璐思迪旗舰店 | 所属地区名称:浙江 | ASR:路斯底前开盖行利乡女2025新款登机拉干乡20寸乡子旅行乡24男女26,1,18,268
270,/home/zhaoshuai/workspace/CommoditySemanticAlignmentDemo/datas/origin_datas/images_part/270.jpg,/home/zhaoshuai/workspace/CommoditySemanticAlignmentDemo/datas/origin_datas/audio_part/270.mp3,title:网易严选轻韧行李箱20寸女新款拉杆箱大容量登机箱密码箱旅行男 | 商品名称:网易严选轻韧行李箱20寸女新款拉杆箱大容量登机箱密码箱旅行男 | label:行李箱 | Llabel:出行用品 | 商品分类:出行用品 | 商品价格:269 | 店铺名称:网易严选旗舰店 | 所属地区名称:浙江 | ASR:王毅严选轻认行立乡20吋女新款拉干香大容量登机香密码香旅行南。,1,19,269
271,/home/zhaoshuai/workspace/CommoditySemanticAlignmentDemo/datas/origin_datas/images_part/271.jpg,/home/zhaoshuai/workspace/CommoditySemanticAlignmentDemo/datas/origin_datas/audio_part/271.mp3,title:行之旅2025撞色行李箱大容量拉杆箱女加厚铝框旅行登机箱皮箱子男 | 商品名称:行之旅2025撞色行李箱大容量拉杆箱女加厚铝框旅行登机箱皮箱子男 | label:行李箱 | Llabel:出行用品 | 商品分类:出行用品 | 商品价格:407 | 店铺名称:行之旅旗舰店 | 所属地区名称:浙江 | ASR:形之旅2025撞色行李箱大容量拉干箱女加厚旅况旅行登机箱皮箱子男。,1,20,270
272,/home/zhaoshuai/workspace/CommoditySemanticAlignmentDemo/datas/origin_datas/images_part/272.jpg,/home/zhaoshuai/workspace/CommoditySemanticAlignmentDemo/datas/origin_datas/audio_part/272.mp3,title:强烈推荐！双层防爆拉链100%科思创PC双轴承静音轮旅行李拉杆 | 商品名称:强烈推荐！双层防爆拉链100%科思创PC双轴承静音轮旅行李拉杆 | label:行李箱 | Llabel:出行用品 | 商品分类:出行用品 | 商品价格:327 | 店铺名称:MARRLVE箱包旗舰店 | 所属地区名称:浙江 | ASR:强烈推荐。双层防保拉脸100%克思创PC双轴层进阴轮旅行李拉杆。,1,21,271
273,/home/zhaoshuai/workspace/CommoditySemanticAlignmentDemo/datas/origin_datas/images_part/273.jpg,/home/zhaoshuai/workspace/CommoditySemanticAlignmentDemo/datas/origin_datas/audio_part/273.mp3,title:万向轮行李箱女拉杆箱登机箱20静音铝框旅行箱男24寸26密码箱新款 | 商品名称:万向轮行李箱女拉杆箱登机箱20静音铝框旅行箱男24寸26密码箱新款 | label:行李箱 | Llabel:出行用品 | 商品分类:出行用品 | 商品价格:241 | 店铺名称:圣斯顿保罗工厂总店 | 所属地区名称:河北 | ASR:万象伦行李乡女拉杆乡登基乡20近阴旅逛旅行乡南24寸26密马乡新款。,1,22,272
274,/home/zhaoshuai/workspace/CommoditySemanticAlignmentDemo/datas/origin_datas/images_part/274.jpg,/home/zhaoshuai/workspace/CommoditySemanticAlignmentDemo/datas/origin_datas/audio_part/274.mp3,title:高颜值轻便行李箱女拉杆箱男2025新款旅行箱 | 商品名称:高颜值轻便行李箱女拉杆箱男2025新款旅行箱 | label:行李箱 | Llabel:出行用品 | 商品分类:出行用品 | 商品价格:158 | 店铺名称:NBYA旗舰店 | 所属地区名称:江西 | ASR:高研执清变行利 乡女拉甘乡南2025新款旅行乡。,1,23,273
275,/home/zhaoshuai/workspace/CommoditySemanticAlignmentDemo/datas/origin_datas/images_part/275.jpg,/home/zhaoshuai/workspace/CommoditySemanticAlignmentDemo/datas/origin_datas/audio_part/275.mp3,title:2025新款凹凸破损风登机行李箱20寸拉杆箱男24寸不规则旅行银色 | 商品名称:2025新款凹凸破损风登机行李箱20寸拉杆箱男24寸不规则旅行银色 | label:行李箱 | Llabel:出行用品 | 商品分类:出行用品 | 商品价格:356 | 店铺名称:木星飞行旗舰店 | 所属地区名称:浙江 | ASR:2025新款奥突破损风灯机行李箱20寸拉干箱南24寸不规则旅行银色。,1,24,274
276,/home/zhaoshuai/workspace/CommoditySemanticAlignmentDemo/datas/origin_datas/images_part/276.jpg,/home/zhaoshuai/workspace/CommoditySemanticAlignmentDemo/datas/origin_datas/audio_part/276.mp3,title:全铝镁合金行李箱女坚固托运加厚大容量金属拉杆箱男登机旅行子 | 商品名称:全铝镁合金行李箱女坚固托运加厚大容量金属拉杆箱男登机旅行子 | label:行李箱 | Llabel:出行用品 | 商品分类:出行用品 | 商品价格:309 | 店铺名称:PASSTU精品箱包馆 | 所属地区名称:浙江 | ASR:全旅美和金行李相女艰固脱运家后大容量金属拉干香南登基旅行子。,1,25,275
277,/home/zhaoshuai/workspace/CommoditySemanticAlignmentDemo/datas/origin_datas/images_part/277.jpg,/home/zhaoshuai/workspace/CommoditySemanticAlignmentDemo/datas/origin_datas/audio_part/277.mp3,title:CROSSGEAR十字勋章瑞军士刀120468寸大容量登机拉杆旅密码 | 商品名称:CROSSGEAR十字勋章瑞军士刀120468寸大容量登机拉杆旅密码 | label:行李箱 | Llabel:出行用品 | 商品分类:出行用品 | 商品价格:189 | 店铺名称:CROSSGEAR旗舰店 | 所属地区名称:福建 | ASR:Cross Dier十次薰张瑞均势刀十二万零四百六十八寸大容量登机拉干旅密码。,1,26,276
278,/home/zhaoshuai/workspace/CommoditySemanticAlignmentDemo/datas/origin_datas/images_part/278.jpg,/home/zhaoshuai/workspace/CommoditySemanticAlignmentDemo/datas/origin_datas/audio_part/278.mp3,title:汉客旅行箱万向轮 商务拉杆箱男24/20寸女登机箱软箱子密码 | 商品名称:汉客旅行箱万向轮 商务拉杆箱男24/20寸女登机箱软箱子密码 | label:行李箱 | Llabel:出行用品 | 商品分类:出行用品 | 商品价格:251 | 店铺名称:汉客旗舰店 | 所属地区名称:广东 | ASR:汉客旅行乡万象伦商务拉干乡南20分之24寸 女灯鸡乡软乡紫密码。,1,27,277
279,/home/zhaoshuai/workspace/CommoditySemanticAlignmentDemo/datas/origin_datas/images_part/279.jpg,/home/zhaoshuai/workspace/CommoditySemanticAlignmentDemo/datas/origin_datas/audio_part/279.mp3,title:超大容量行李箱女2025新款28寸学生专用结实耐用旅行拉杆皮男30 | 商品名称:超大容量行李箱女2025新款28寸学生专用结实耐用旅行拉杆皮男30 | label:行李箱 | Llabel:出行用品 | 商品分类:出行用品 | 商品价格:101 | 店铺名称:hearrose箱包旗舰店 | 所属地区名称:江西 | ASR:超打容量行李相女2025新款28寸学生专用戒时耐用旅行拉肝皮南30,1,28,278
280,/home/zhaoshuai/workspace/CommoditySemanticAlignmentDemo/datas/origin_datas/images_part/280.jpg,/home/zhaoshuai/workspace/CommoditySemanticAlignmentDemo/datas/origin_datas/audio_part/280.mp3,title:侧开盖宽拉杆20寸可登机行李箱大容量可托运多功能铝框密码旅行箱 | 商品名称:侧开盖宽拉杆20寸可登机行李箱大容量可托运多功能铝框密码旅行箱 | label:行李箱 | Llabel:出行用品 | 商品分类:出行用品 | 商品价格:376 | 店铺名称:木星飞行旗舰店 | 所属地区名称:浙江 | ASR:测开盖宽拉杆20吋可登机行利箱大容量可脱运多功能旅况密码旅行箱。,1,29,279
281,/home/zhaoshuai/workspace/CommoditySemanticAlignmentDemo/datas/origin_datas/images_part/281.jpg,/home/zhaoshuai/workspace/CommoditySemanticAlignmentDemo/datas/origin_datas/audio_part/281.mp3,title:新款侧开口行李箱女大容量可扩展PC拉杆箱20寸登机箱男静音旅行 | 商品名称:新款侧开口行李箱女大容量可扩展PC拉杆箱20寸登机箱男静音旅行 | label:行李箱 | Llabel:出行用品 | 商品分类:出行用品 | 商品价格:156 | 店铺名称:卡尼箱包 | 所属地区名称:浙江 | ASR:新款厕开口行李箱女大容量可扩展 PCIe拉干箱20寸登机箱南镜音旅行。,1,30,280
282,/home/zhaoshuai/workspace/CommoditySemanticAlignmentDemo/datas/origin_datas/images_part/282.jpg,/home/zhaoshuai/workspace/CommoditySemanticAlignmentDemo/datas/origin_datas/audio_part/282.mp3,title:大容量行李箱30寸托运密码箱铝框拉杆箱28旅行结实耐用皮箱万向轮 | 商品名称:大容量行李箱30寸托运密码箱铝框拉杆箱28旅行结实耐用皮箱万向轮 | label:行李箱 | Llabel:出行用品 | 商品分类:出行用品 | 商品价格:219 | 店铺名称:LEGEND WALKER 欧客箱包 | 所属地区名称:浙江 | ASR:大容量行力箱30吋脱韵密码香铝框拉干香28旅行皆时耐用皮香万香轮。,1,31,281
283,/home/zhaoshuai/workspace/CommoditySemanticAlignmentDemo/datas/origin_datas/images_part/283.jpg,/home/zhaoshuai/workspace/CommoditySemanticAlignmentDemo/datas/origin_datas/audio_part/283.mp3,title:漫游2025新款行李箱拉杆箱铝框26旅行箱28登机箱20寸皮箱子24男女 | 商品名称:漫游2025新款行李箱拉杆箱铝框26旅行箱28登机箱20寸皮箱子24男女 | label:行李箱 | Llabel:出行用品 | 商品分类:出行用品 | 商品价格:356 | 店铺名称:漫游旗舰店 | 所属地区名称:浙江 | ASR:蔓油2025新款行李箱拉干箱旅馆26旅行箱28登基箱20寸皮箱子24男女,1,32,282
284,/home/zhaoshuai/workspace/CommoditySemanticAlignmentDemo/datas/origin_datas/images_part/284.jpg,/home/zhaoshuai/workspace/CommoditySemanticAlignmentDemo/datas/origin_datas/audio_part/284.mp3,title:前置开口行李箱拉杆扣盖24寸大容量usb充电杯架多功能铝框结实女 | 商品名称:前置开口行李箱拉杆扣盖24寸大容量usb充电杯架多功能铝框结实女 | label:行李箱 | Llabel:出行用品 | 商品分类:出行用品 | 商品价格:244 | 店铺名称:黛鸥箱包旗舰店 | 所属地区名称:河北 | ASR:前置开口行李箱拉干扣盖24寸大容量USB充电杯架多功能旅逛皆是女。,1,33,283
285,/home/zhaoshuai/workspace/CommoditySemanticAlignmentDemo/datas/origin_datas/images_part/285.jpg,/home/zhaoshuai/workspace/CommoditySemanticAlignmentDemo/datas/origin_datas/audio_part/285.mp3,title:出口意大利超轻登机拉杆箱万向轮女24寸外贸扩展行李箱拉链旅行 | 商品名称:出口意大利超轻登机拉杆箱万向轮女24寸外贸扩展行李箱拉链旅行 | label:行李箱 | Llabel:出行用品 | 商品分类:出行用品 | 商品价格:137 | 店铺名称:浪漫之都店 | 所属地区名称:浙江 | ASR:出口意大利超清登基拉干香万香伦女24寸外貌扩展行李箱拉炼旅行。,1,34,284
286,/home/zhaoshuai/workspace/CommoditySemanticAlignmentDemo/datas/origin_datas/images_part/286.jpg,/home/zhaoshuai/workspace/CommoditySemanticAlignmentDemo/datas/origin_datas/audio_part/286.mp3,title:谁懂啊这行李箱太实用了赠送贴纸箱套哦 | 商品名称:谁懂啊这行李箱太实用了赠送贴纸箱套哦 | label:行李箱 | Llabel:出行用品 | 商品分类:出行用品 | 商品价格:363 | 店铺名称:御旅旗舰店 | 所属地区名称:浙江 | ASR:水董这行李箱太实用了增送贴纸箱套喔。,1,35,285
287,/home/zhaoshuai/workspace/CommoditySemanticAlignmentDemo/datas/origin_datas/images_part/287.jpg,/home/zhaoshuai/workspace/CommoditySemanticAlignmentDemo/datas/origin_datas/audio_part/287.mp3,title:SGG行李箱女孩大容量拉杆箱可爱旅行箱万向轮加厚登机密码箱 | 商品名称:SGG行李箱女孩大容量拉杆箱可爱旅行箱万向轮加厚登机密码箱 | label:行李箱 | Llabel:出行用品 | 商品分类:出行用品 | 商品价格:179 | 店铺名称:sgg箱包旗舰店 | 所属地区名称:浙江 | ASR:SGG行李箱女孩大容量拉干箱可爱旅行箱万项轮加后登机密码箱。,1,36,286
288,/home/zhaoshuai/workspace/CommoditySemanticAlignmentDemo/datas/origin_datas/images_part/288.jpg,/home/zhaoshuai/workspace/CommoditySemanticAlignmentDemo/datas/origin_datas/audio_part/288.mp3,title:cece全新多功能PC墨绿色行李箱万向轮密码旅行箱大容量拉杆男女 | 商品名称:cece全新多功能PC墨绿色行李箱万向轮密码旅行箱大容量拉杆男女 | label:行李箱 | Llabel:出行用品 | 商品分类:出行用品 | 商品价格:465 | 店铺名称:cece旗舰店 | 所属地区名称:浙江 | ASR:C 全新脱功能PC 莫律贼行李箱万项轮密码旅行箱大容量拉干男女。,1,37,287
289,/home/zhaoshuai/workspace/CommoditySemanticAlignmentDemo/datas/origin_datas/images_part/289.jpg,/home/zhaoshuai/workspace/CommoditySemanticAlignmentDemo/datas/origin_datas/audio_part/289.mp3,title:DTA宽拉杆行李箱女新款20寸登机箱小型轻便旅行密码拉杆箱子男24 | 商品名称:DTA宽拉杆行李箱女新款20寸登机箱小型轻便旅行密码拉杆箱子男24 | label:行李箱 | Llabel:出行用品 | 商品分类:出行用品 | 商品价格:331 | 店铺名称:dta箱包旗舰店 | 所属地区名称:广东 | ASR:DDA 宽拉干行李箱女星款20寸登基箱小型清遍旅行密码拉干箱子男24,1,38,288
290,/home/zhaoshuai/workspace/CommoditySemanticAlignmentDemo/datas/origin_datas/images_part/290.jpg,/home/zhaoshuai/workspace/CommoditySemanticAlignmentDemo/datas/origin_datas/audio_part/290.mp3,title:新款大容量行李箱结实拉杆箱静音万向轮旅行箱女男皮箱24学生28寸 | 商品名称:新款大容量行李箱结实拉杆箱静音万向轮旅行箱女男皮箱24学生28寸 | label:行李箱 | Llabel:出行用品 | 商品分类:出行用品 | 商品价格:256 | 店铺名称:北风轻奢小铺 | 所属地区名称:河北 | ASR:新款大容量行力箱皆使拉干香静音万香轮旅行香女男皮香24学生28寸。,1,39,289
291,/home/zhaoshuai/workspace/CommoditySemanticAlignmentDemo/datas/origin_datas/images_part/291.jpg,/home/zhaoshuai/workspace/CommoditySemanticAlignmentDemo/datas/origin_datas/audio_part/291.mp3,title:波尔盾2025新款行李箱女大容量24寸铝框旅行箱男学生拉杆密码子 | 商品名称:波尔盾2025新款行李箱女大容量24寸铝框旅行箱男学生拉杆密码子 | label:行李箱 | Llabel:出行用品 | 商品分类:出行用品 | 商品价格:253 | 店铺名称:baoerden波尔盾旗舰店 | 所属地区名称:江西 | ASR:波尔顿2025新款行李箱女大容量24寸旅逛旅行乡南学生拉干密麻子,1,40,290
292,/home/zhaoshuai/workspace/CommoditySemanticAlignmentDemo/datas/origin_datas/images_part/292.jpg,/home/zhaoshuai/workspace/CommoditySemanticAlignmentDemo/datas/origin_datas/audio_part/292.mp3,title:宽拉杆行李箱小型20寸可登机箱女2025新款短途旅行密码皮子18寸 | 商品名称:宽拉杆行李箱小型20寸可登机箱女2025新款短途旅行密码皮子18寸 | label:行李箱 | Llabel:出行用品 | 商品分类:出行用品 | 商品价格:95 | 店铺名称:米曼尼旗舰店 | 所属地区名称:江西 | ASR:宽拉干行李箱小型20寸可登基乡女2025新款短途旅行密码批资18寸。,1,41,291
293,/home/zhaoshuai/workspace/CommoditySemanticAlignmentDemo/datas/origin_datas/images_part/293.jpg,/home/zhaoshuai/workspace/CommoditySemanticAlignmentDemo/datas/origin_datas/audio_part/293.mp3,title:出口2025新款行李箱女20寸登机箱24万向轮旅行箱拉链款学生拉杆 | 商品名称:出口2025新款行李箱女20寸登机箱24万向轮旅行箱拉链款学生拉杆 | label:行李箱 | Llabel:出行用品 | 商品分类:出行用品 | 商品价格:159 | 店铺名称:快乐旅行箱包店 | 所属地区名称:浙江 | ASR:出口2025新款行李箱女20寸登机箱24万项轮旅行箱拉链款学生拉杆,1,42,292
294,/home/zhaoshuai/workspace/CommoditySemanticAlignmentDemo/datas/origin_datas/images_part/294.jpg,/home/zhaoshuai/workspace/CommoditySemanticAlignmentDemo/datas/origin_datas/audio_part/294.mp3,title:行李箱24寸女2025新款大容量拉杆箱结实耐用加厚密码旅行皮子男 | 商品名称:行李箱24寸女2025新款大容量拉杆箱结实耐用加厚密码旅行皮子男 | label:行李箱 | Llabel:出行用品 | 商品分类:出行用品 | 商品价格:121 | 店铺名称:星旅仕箱包旗舰店 | 所属地区名称:江西 | ASR:行李箱24寸女2025新款大容量拉干箱皆实耐用加厚密码履行皮自难。,1,43,293
295,/home/zhaoshuai/workspace/CommoditySemanticAlignmentDemo/datas/origin_datas/images_part/295.jpg,/home/zhaoshuai/workspace/CommoditySemanticAlignmentDemo/datas/origin_datas/audio_part/295.mp3,title:MCHNA KTCC行李箱女小型登机箱18寸静音新款密码旅行箱男士拉杆 | 商品名称:MCHNA KTCC行李箱女小型登机箱18寸静音新款密码旅行箱男士拉杆 | label:行李箱 | Llabel:出行用品 | 商品分类:出行用品 | 商品价格:151 | 店铺名称:MCHNAKTCC旗舰店 | 所属地区名称:江西 | ASR:同时KTCC行李箱女小型登机箱18寸静音先款密码履行箱男士拉干,1,44,294
296,/home/zhaoshuai/workspace/CommoditySemanticAlignmentDemo/datas/origin_datas/images_part/296.jpg,/home/zhaoshuai/workspace/CommoditySemanticAlignmentDemo/datas/origin_datas/audio_part/296.mp3,title:Semir/森马铝框行李箱女新款20寸登机箱旅行箱拉杆箱密码箱男女用 | 商品名称:Semir/森马铝框行李箱女新款20寸登机箱旅行箱拉杆箱密码箱男女用 | label:行李箱 | Llabel:出行用品 | 商品分类:出行用品 | 商品价格:159 | 店铺名称:森马箱包旗舰店 | 所属地区名称:江西 | ASR:Sameir 森马 旅逛 行利 乡 女 新款 二十寸 登基 乡 旅行 乡 拉 干 乡 密 马 乡 男 女 用,1,45,295
297,/home/zhaoshuai/workspace/CommoditySemanticAlignmentDemo/datas/origin_datas/images_part/297.jpg,/home/zhaoshuai/workspace/CommoditySemanticAlignmentDemo/datas/origin_datas/audio_part/297.mp3,title:行李箱女小型20寸拉杆箱万向轮24寸男学生耐用结实密码旅行皮子 | 商品名称:行李箱女小型20寸拉杆箱万向轮24寸男学生耐用结实密码旅行皮子 | label:行李箱 | Llabel:出行用品 | 商品分类:出行用品 | 商品价格:103 | 店铺名称:uldum旗舰店 | 所属地区名称:浙江 | ASR:行李箱女小型20寸拉肝箱万项轮24寸男学生内容皆是密码履行皮子。,1,46,296
298,/home/zhaoshuai/workspace/CommoditySemanticAlignmentDemo/datas/origin_datas/images_part/298.jpg,/home/zhaoshuai/workspace/CommoditySemanticAlignmentDemo/datas/origin_datas/audio_part/298.mp3,title:袋鼠行李箱男生结实耐用加厚2025新款学生住校拉杆密码旅行皮箱包 | 商品名称:袋鼠行李箱男生结实耐用加厚2025新款学生住校拉杆密码旅行皮箱包 | label:行李箱 | Llabel:出行用品 | 商品分类:出行用品 | 商品价格:114.1 | 店铺名称:袋鼠世家行李箱 | 所属地区名称:河北 | ASR:戴手行李箱男生皆使耐用家后2025新款学生驻小拉杆密码旅行皮箱包,1,47,297
299,/home/zhaoshuai/workspace/CommoditySemanticAlignmentDemo/datas/origin_datas/images_part/299.jpg,/home/zhaoshuai/workspace/CommoditySemanticAlignmentDemo/datas/origin_datas/audio_part/299.mp3,title:侧开盖行李箱女20寸可扩展大深仓旅行登机箱2025新款学生拉杆子 | 商品名称:侧开盖行李箱女20寸可扩展大深仓旅行登机箱2025新款学生拉杆子 | label:行李箱 | Llabel:出行用品 | 商品分类:出行用品 | 商品价格:212 | 店铺名称:游漫月间 MoonAmble | 所属地区名称:江西 | ASR:测开盖行李箱女20寸可扩展大声仓旅行登机箱2025新款学生拉杆子。,1,48,298
300,/home/zhaoshuai/workspace/CommoditySemanticAlignmentDemo/datas/origin_datas/images_part/300.jpg,/home/zhaoshuai/workspace/CommoditySemanticAlignmentDemo/datas/origin_datas/audio_part/300.mp3,title:行李箱女拉杆箱2023新款旅行箱学生大容量男耐用结实密码皮子 | 商品名称:行李箱女拉杆箱2023新款旅行箱学生大容量男耐用结实密码皮子 | label:行李箱 | Llabel:出行用品 | 商品分类:出行用品 | 商品价格:102 | 店铺名称:uldum旗舰店 | 所属地区名称:浙江 | ASR:行李箱女拉甘箱2023新款旅行箱学生大容量南南泳皆使密码脾子。,1,49,299
301,/home/zhaoshuai/workspace/CommoditySemanticAlignmentDemo/datas/origin_datas/images_part/301.jpg,/home/zhaoshuai/workspace/CommoditySemanticAlignmentDemo/datas/origin_datas/audio_part/301.mp3,title:飞鸽电助力自行车24寸成人男女通勤代步可拆卸锂电池电动自行单车 | 商品名称:飞鸽电助力自行车24寸成人男女通勤代步可拆卸锂电池电动自行单车 | label:电动自行车 | Llabel:出行用品 | 商品分类:出行用品 | 商品价格:1108 | 店铺名称:飞鸽悠步智行专卖店 | 所属地区名称:广东 | ASR:飞哥电助力自行车24寸成人男女通勤代步可拆卸力电池电动自行单车。,1,50,300
302,/home/zhaoshuai/workspace/CommoditySemanticAlignmentDemo/datas/origin_datas/images_part/302.jpg,/home/zhaoshuai/workspace/CommoditySemanticAlignmentDemo/datas/origin_datas/audio_part/302.mp3,title:法克斯高端定制电动自行车 | 商品名称:法克斯高端定制电动自行车 | label:电动自行车 | Llabel:出行用品 | 商品分类:出行用品 | 商品价格:1848 | 店铺名称:法克斯旗舰店 | 所属地区名称:广东 | ASR:法克斯高端定制电动自行车。,1,51,301
303,/home/zhaoshuai/workspace/CommoditySemanticAlignmentDemo/datas/origin_datas/images_part/303.jpg,/home/zhaoshuai/workspace/CommoditySemanticAlignmentDemo/datas/origin_datas/audio_part/303.mp3,title:领航者小牛电助力自行车山地车通勤代步越野锂电池单车成人车 | 商品名称:领航者小牛电助力自行车山地车通勤代步越野锂电池单车成人车 | label:电动自行车 | Llabel:出行用品 | 商品分类:出行用品 | 商品价格:1378 | 店铺名称:领航者小牛倍瑞专卖店 | 所属地区名称:广东 | ASR:令行者小牛店助力自行车山地车通勤带部越野里电池单车成人车。,1,52,302
304,/home/zhaoshuai/workspace/CommoditySemanticAlignmentDemo/datas/origin_datas/images_part/304.jpg,/home/zhaoshuai/workspace/CommoditySemanticAlignmentDemo/datas/origin_datas/audio_part/304.mp3,title:飞鸽电助力自行车26寸越野山地成人男女代步可拆卸锂电池单车 | 商品名称:飞鸽电助力自行车26寸越野山地成人男女代步可拆卸锂电池单车 | label:电动自行车 | Llabel:出行用品 | 商品分类:出行用品 | 商品价格:1208 | 店铺名称:飞鸽悠步智行专卖店 | 所属地区名称:广东 | ASR:飞哥电助力自行车26寸月野山地成人男女代步可拆卸力电池单车。,1,53,303
305,/home/zhaoshuai/workspace/CommoditySemanticAlignmentDemo/datas/origin_datas/images_part/305.jpg,/home/zhaoshuai/workspace/CommoditySemanticAlignmentDemo/datas/origin_datas/audio_part/305.mp3,title:飞鸽电助力山地自行车26寸越野成人男女代步锂电池电动车电瓶单车 | 商品名称:飞鸽电助力山地自行车26寸越野成人男女代步锂电池电动车电瓶单车 | label:电动自行车 | Llabel:出行用品 | 商品分类:出行用品 | 商品价格:1208 | 店铺名称:飞鸽维创专卖店 | 所属地区名称:广东 | ASR:飞哥电助力山地自行车26寸越野成人男女带步里电池电动车电瓶单车,1,54,304
306,/home/zhaoshuai/workspace/CommoditySemanticAlignmentDemo/datas/origin_datas/images_part/306.jpg,/home/zhaoshuai/workspace/CommoditySemanticAlignmentDemo/datas/origin_datas/audio_part/306.mp3,title:领航者小牛折叠电动车电瓶自行单车代驾步女生超轻便携新国标助力 | 商品名称:领航者小牛折叠电动车电瓶自行单车代驾步女生超轻便携新国标助力 | label:电动自行车 | Llabel:出行用品 | 商品分类:出行用品 | 商品价格:659 | 店铺名称:领航者小牛电动车旗舰店 | 所属地区名称:广东 | ASR:令行者小牛折叠电动车电瓶自行单车代价部女生超轻变胁新国标助理。,1,55,305
307,/home/zhaoshuai/workspace/CommoditySemanticAlignmentDemo/datas/origin_datas/images_part/307.jpg,/home/zhaoshuai/workspace/CommoditySemanticAlignmentDemo/datas/origin_datas/audio_part/307.mp3,title:永久可拆锂电助力山地车男女学生双碟刹铝合金车架变速减震 | 商品名称:永久可拆锂电助力山地车男女学生双碟刹铝合金车架变速减震 | label:电动自行车 | Llabel:出行用品 | 商品分类:出行用品 | 商品价格:2739 | 店铺名称:永久电助力旗舰店 | 所属地区名称:天津 | ASR:永久可拆立电助力山地车男女学生双碟沙律和金车架变速减震。,1,56,306
308,/home/zhaoshuai/workspace/CommoditySemanticAlignmentDemo/datas/origin_datas/images_part/308.jpg,/home/zhaoshuai/workspace/CommoditySemanticAlignmentDemo/datas/origin_datas/audio_part/308.mp3,title:飞鸽电动自行车超轻便携小型代驾折叠电动车代步助力新国标电瓶车 | 商品名称:飞鸽电动自行车超轻便携小型代驾折叠电动车代步助力新国标电瓶车 | label:电动自行车 | Llabel:出行用品 | 商品分类:出行用品 | 商品价格:568 | 店铺名称:中国飞鸽工厂特卖店 | 所属地区名称:广东 | ASR:飞哥电动自行车超轻便写小型代价折叠电动车代步助理新国标电评车。,1,57,307
309,/home/zhaoshuai/workspace/CommoditySemanticAlignmentDemo/datas/origin_datas/images_part/309.jpg,/home/zhaoshuai/workspace/CommoditySemanticAlignmentDemo/datas/origin_datas/audio_part/309.mp3,title:永久折叠电动自行车代驾超轻便携小型代步助力锂电池新国标电瓶车 | 商品名称:永久折叠电动自行车代驾超轻便携小型代步助力锂电池新国标电瓶车 | label:电动自行车 | Llabel:出行用品 | 商品分类:出行用品 | 商品价格:688 | 店铺名称:永久维创专卖店 | 所属地区名称:广东 | ASR:永久折叠电动自行车代价超轻便写小型代步助理里电池新国标电评车。,1,58,308
310,/home/zhaoshuai/workspace/CommoditySemanticAlignmentDemo/datas/origin_datas/images_part/310.jpg,/home/zhaoshuai/workspace/CommoditySemanticAlignmentDemo/datas/origin_datas/audio_part/310.mp3,title:九号电动Fz 110电动自行车代步上班9号智能电瓶车官方 门店自提 | 商品名称:九号电动Fz 110电动自行车代步上班9号智能电瓶车官方 门店自提 | label:电动自行车 | Llabel:出行用品 | 商品分类:出行用品 | 商品价格:4182 | 店铺名称:九号电动官方旗舰店 | 所属地区名称:江苏 | ASR:9号电动FC110电动自行车代步上班9号智能电平车官方门点自体,1,59,309
311,/home/zhaoshuai/workspace/CommoditySemanticAlignmentDemo/datas/origin_datas/images_part/311.jpg,/home/zhaoshuai/workspace/CommoditySemanticAlignmentDemo/datas/origin_datas/audio_part/311.mp3,title:凤凰D1辐条刀轮| 锂电电动自行车新国标锂电助力车男女士电瓶单车 | 商品名称:凤凰D1辐条刀轮| 锂电电动自行车新国标锂电助力车男女士电瓶单车 | label:电动自行车 | Llabel:出行用品 | 商品分类:出行用品 | 商品价格:1269 | 店铺名称:凤凰电动车旗舰店 | 所属地区名称:天津 | ASR:奉皇第一辅调刀轮李电电动自行车新国标李电助理车男女士电瓶单车。,1,60,310
312,/home/zhaoshuai/workspace/CommoditySemanticAlignmentDemo/datas/origin_datas/images_part/312.jpg,/home/zhaoshuai/workspace/CommoditySemanticAlignmentDemo/datas/origin_datas/audio_part/312.mp3,"title:【门店自提】台铃新款Q糖电动车48V电瓶车电动自行车代步车助力车 | 商品名称:【门店自提】台铃新款Q糖电动车48V电瓶车电动自行车代步车助力车 | label:电动自行车 | Llabel:出行用品 | 商品分类:出行用品 | 商品价格:1399 | 店铺名称:台铃官方旗舰店 | 所属地区名称:江苏 | ASR:门店自体,台零新款Q-Tang电动车48V电瓶车电动自行车代步车助理车。",1,61,311
313,/home/zhaoshuai/workspace/CommoditySemanticAlignmentDemo/datas/origin_datas/images_part/313.jpg,/home/zhaoshuai/workspace/CommoditySemanticAlignmentDemo/datas/origin_datas/audio_part/313.mp3,title:2025年新款电动车电瓶车电动自行车男女代步超长续航新国标可上牌 | 商品名称:2025年新款电动车电瓶车电动自行车男女代步超长续航新国标可上牌 | label:电动自行车 | Llabel:出行用品 | 商品分类:出行用品 | 商品价格:418 | 店铺名称:伟大车业 | 所属地区名称:山东 | ASR:2025年新款电动车电瓶车电动自行车男女代步超常续航新国标可上拍,1,62,312
314,/home/zhaoshuai/workspace/CommoditySemanticAlignmentDemo/datas/origin_datas/images_part/314.jpg,/home/zhaoshuai/workspace/CommoditySemanticAlignmentDemo/datas/origin_datas/audio_part/314.mp3,title:Bremer电动自行车M20新国标电动车复古跨骑摩托越野电助力3C认证 | 商品名称:Bremer电动自行车M20新国标电动车复古跨骑摩托越野电助力3C认证 | label:电动自行车 | Llabel:出行用品 | 商品分类:出行用品 | 商品价格:3448 | 店铺名称:bremer旗舰店 | 所属地区名称:广东 | ASR:Bremmer电动自行车廉20新国标电动车复古跨奇摩托越野电助力3C认证。,1,63,313
315,/home/zhaoshuai/workspace/CommoditySemanticAlignmentDemo/datas/origin_datas/images_part/315.jpg,/home/zhaoshuai/workspace/CommoditySemanticAlignmentDemo/datas/origin_datas/audio_part/315.mp3,title:super73s2Y1复古新国标电动自行车小型代步锂电池助力电瓶车女生 | 商品名称:super73s2Y1复古新国标电动自行车小型代步锂电池助力电瓶车女生 | label:电动自行车 | Llabel:出行用品 | 商品分类:出行用品 | 商品价格:1848 | 店铺名称:法克斯旗舰店 | 所属地区名称:广东 | ASR:Super7-3S-2Y 衣服骨 新国标 电动 自行车小型 代布里 电池助力 电瓶车女生,1,64,314
316,/home/zhaoshuai/workspace/CommoditySemanticAlignmentDemo/datas/origin_datas/images_part/316.jpg,/home/zhaoshuai/workspace/CommoditySemanticAlignmentDemo/datas/origin_datas/audio_part/316.mp3,title:baicycle小白电动自行车助力车迷你成人代步便携长续航折叠车 | 商品名称:baicycle小白电动自行车助力车迷你成人代步便携长续航折叠车 | label:电动自行车 | Llabel:出行用品 | 商品分类:出行用品 | 商品价格:1329 | 店铺名称:baicycle旗舰店 | 所属地区名称:广东 | ASR:Basicle 小白电动自行车驻里车迷你城人带步便邪场续航折叠车。,1,65,315
317,/home/zhaoshuai/workspace/CommoditySemanticAlignmentDemo/datas/origin_datas/images_part/317.jpg,/home/zhaoshuai/workspace/CommoditySemanticAlignmentDemo/datas/origin_datas/audio_part/317.mp3,title:凤凰折叠电动自行车超轻便携小型代驾车代步助力锂电电瓶车新国标 | 商品名称:凤凰折叠电动自行车超轻便携小型代驾车代步助力锂电电瓶车新国标 | label:电动自行车 | Llabel:出行用品 | 商品分类:出行用品 | 商品价格:669 | 店铺名称:中国凤凰电动自行车工厂店 | 所属地区名称:广东 | ASR:奉皇哲谍电动自行车超清辨谐小型代价车代步助理理电电评车新国标。,1,66,316
318,/home/zhaoshuai/workspace/CommoditySemanticAlignmentDemo/datas/origin_datas/images_part/318.jpg,/home/zhaoshuai/workspace/CommoditySemanticAlignmentDemo/datas/origin_datas/audio_part/318.mp3,"title:【开箱即骑】凤凰锂电池电动山地自行车成人助力电动车女电瓶单车 | 商品名称:【开箱即骑】凤凰锂电池电动山地自行车成人助力电动车女电瓶单车 | label:电动自行车 | Llabel:出行用品 | 商品分类:出行用品 | 商品价格:1419 | 店铺名称:凤凰官方旗舰店 | 所属地区名称:天津 | ASR:开箱极其,奉皇里电池电动山地自行车成人助力电动车女电平单车。",1,67,317
319,/home/zhaoshuai/workspace/CommoditySemanticAlignmentDemo/datas/origin_datas/images_part/319.jpg,/home/zhaoshuai/workspace/CommoditySemanticAlignmentDemo/datas/origin_datas/audio_part/319.mp3,title:凤凰新款电助力自行车女士代步通勤电瓶车24寸成人小型电动 | 商品名称:凤凰新款电助力自行车女士代步通勤电瓶车24寸成人小型电动 | label:电动自行车 | Llabel:出行用品 | 商品分类:出行用品 | 商品价格:1289 | 店铺名称:凤凰旗舰店 | 所属地区名称:广东 | ASR:奉皇新款电助力自行车女士逮捕通勤电评车24寸成人小型电动。,1,68,318
320,/home/zhaoshuai/workspace/CommoditySemanticAlignmentDemo/datas/origin_datas/images_part/320.jpg,/home/zhaoshuai/workspace/CommoditySemanticAlignmentDemo/datas/origin_datas/audio_part/320.mp3,title:正步电动车助力自行车折叠电动自行车成人越野电瓶车电单车官方女 | 商品名称:正步电动车助力自行车折叠电动自行车成人越野电瓶车电单车官方女 | label:电动自行车 | Llabel:出行用品 | 商品分类:出行用品 | 商品价格:3083 | 店铺名称:zb正步旗舰店 | 所属地区名称:广东 | ASR:正部电动车助力自行车折叠电动自行车成人越野电评车电单车官方女。,1,69,319
321,/home/zhaoshuai/workspace/CommoditySemanticAlignmentDemo/datas/origin_datas/images_part/321.jpg,/home/zhaoshuai/workspace/CommoditySemanticAlignmentDemo/datas/origin_datas/audio_part/321.mp3,title:领航者小牛折叠电动助力自行车代步驾女生超轻便携新国标电瓶单车 | 商品名称:领航者小牛折叠电动助力自行车代步驾女生超轻便携新国标电瓶单车 | label:电动自行车 | Llabel:出行用品 | 商品分类:出行用品 | 商品价格:659 | 店铺名称:领航者小牛电动车旗舰店 | 所属地区名称:广东 | ASR:令行者小牛折叠电动助力自行车带部价女生超轻便携新国标电瓶单车。,1,70,320
322,/home/zhaoshuai/workspace/CommoditySemanticAlignmentDemo/datas/origin_datas/images_part/322.jpg,/home/zhaoshuai/workspace/CommoditySemanticAlignmentDemo/datas/origin_datas/audio_part/322.mp3,title:飞鸽电助力自行车2025新款电动自行车成人女士亲子小型助力车 | 商品名称:飞鸽电助力自行车2025新款电动自行车成人女士亲子小型助力车 | label:电动自行车 | Llabel:出行用品 | 商品分类:出行用品 | 商品价格:1119 | 店铺名称:飞鸽旗舰店 | 所属地区名称:河北 | ASR:飞哥电助力自行车 2025 新款电动自行车成人女士亲自小型助力车。,1,71,321
323,/home/zhaoshuai/workspace/CommoditySemanticAlignmentDemo/datas/origin_datas/images_part/323.jpg,/home/zhaoshuai/workspace/CommoditySemanticAlignmentDemo/datas/origin_datas/audio_part/323.mp3,title:领航者小牛电助力自行车山地车通勤代步越野锂电池单车成人车 | 商品名称:领航者小牛电助力自行车山地车通勤代步越野锂电池单车成人车 | label:电动自行车 | Llabel:出行用品 | 商品分类:出行用品 | 商品价格:1378 | 店铺名称:领航者小牛倍瑞专卖店 | 所属地区名称:广东 | ASR:令行者小牛店助力自行车山地车通勤带部越野里电池单车成人车。,1,72,322
324,/home/zhaoshuai/workspace/CommoditySemanticAlignmentDemo/datas/origin_datas/images_part/324.jpg,/home/zhaoshuai/workspace/CommoditySemanticAlignmentDemo/datas/origin_datas/audio_part/324.mp3,title:baicycle小白新款折叠电动助力自行车成人超轻新国标电动车迷你型 | 商品名称:baicycle小白新款折叠电动助力自行车成人超轻新国标电动车迷你型 | label:电动自行车 | Llabel:出行用品 | 商品分类:出行用品 | 商品价格:1449 | 店铺名称:baicycle旗舰店 | 所属地区名称:广东 | ASR:Basicle 小白新款折叠 电动助力 自行车程人超轻轻国标电动车迷你行,1,73,323
325,/home/zhaoshuai/workspace/CommoditySemanticAlignmentDemo/datas/origin_datas/images_part/325.jpg,/home/zhaoshuai/workspace/CommoditySemanticAlignmentDemo/datas/origin_datas/audio_part/325.mp3,title:飞鸽电助力自行车24寸成人男女通勤代步可拆卸锂电池电动自行单车 | 商品名称:飞鸽电助力自行车24寸成人男女通勤代步可拆卸锂电池电动自行单车 | label:电动自行车 | Llabel:出行用品 | 商品分类:出行用品 | 商品价格:1108 | 店铺名称:飞鸽悠步智行专卖店 | 所属地区名称:广东 | ASR:飞哥电助力自行车24寸成人男女通勤代步可拆卸力电池电动自行单车。,1,74,324
326,/home/zhaoshuai/workspace/CommoditySemanticAlignmentDemo/datas/origin_datas/images_part/326.jpg,/home/zhaoshuai/workspace/CommoditySemanticAlignmentDemo/datas/origin_datas/audio_part/326.mp3,"title:【超值优惠】super73Y1S20寸电动自行车复古设计成人电瓶车 | 商品名称:【超值优惠】super73Y1S20寸电动自行车复古设计成人电瓶车 | label:电动自行车 | Llabel:出行用品 | 商品分类:出行用品 | 商品价格:1848 | 店铺名称:法克斯旗舰店 | 所属地区名称:广东 | ASR:超值优惠,Super7-3YES20寸电动自行车复古设计成人电评车。",1,75,325
327,/home/zhaoshuai/workspace/CommoditySemanticAlignmentDemo/datas/origin_datas/images_part/327.jpg,/home/zhaoshuai/workspace/CommoditySemanticAlignmentDemo/datas/origin_datas/audio_part/327.mp3,title:凤凰Super73电动自行车新国标锂电复古越野雪地助力车小型车 | 商品名称:凤凰Super73电动自行车新国标锂电复古越野雪地助力车小型车 | label:电动自行车 | Llabel:出行用品 | 商品分类:出行用品 | 商品价格:1449 | 店铺名称:凤凰电动车旗舰店 | 所属地区名称:天津 | ASR:奉皇Super73电动自行车新国标理电复古月野雪地驻利车小行车。,1,76,326
328,/home/zhaoshuai/workspace/CommoditySemanticAlignmentDemo/datas/origin_datas/images_part/328.jpg,/home/zhaoshuai/workspace/CommoditySemanticAlignmentDemo/datas/origin_datas/audio_part/328.mp3,title:小牛电动车U锂电池新国标电瓶长续航通勤男女成人代步u1e | 商品名称:小牛电动车U锂电池新国标电瓶长续航通勤男女成人代步u1e | label:电动自行车 | Llabel:出行用品 | 商品分类:出行用品 | 商品价格:4049 | 店铺名称:小牛电动旗舰店 | 所属地区名称:江苏 | ASR:小牛电动车优理电池新国标电平常续航通勤男女成人带不优异议。,1,77,327
329,/home/zhaoshuai/workspace/CommoditySemanticAlignmentDemo/datas/origin_datas/images_part/329.jpg,/home/zhaoshuai/workspace/CommoditySemanticAlignmentDemo/datas/origin_datas/audio_part/329.mp3,title:EUNORAU有诺D6青春版电助力自行车成人城市通勤公路智能 | 商品名称:EUNORAU有诺D6青春版电助力自行车成人城市通勤公路智能 | label:电动自行车 | Llabel:出行用品 | 商品分类:出行用品 | 商品价格:5348 | 店铺名称:有诺旗舰店 | 所属地区名称:浙江 | ASR:Unero有落地6青春板垫助理自行车成人城市通勤公路智能。,1,78,328
330,/home/zhaoshuai/workspace/CommoditySemanticAlignmentDemo/datas/origin_datas/images_part/330.jpg,/home/zhaoshuai/workspace/CommoditySemanticAlignmentDemo/datas/origin_datas/audio_part/330.mp3,title:凤凰super73复古新国标电动自行车小型代步锂电池助力电瓶车 | 商品名称:凤凰super73复古新国标电动自行车小型代步锂电池助力电瓶车 | label:电动自行车 | Llabel:出行用品 | 商品分类:出行用品 | 商品价格:1449 | 店铺名称:凤凰普洛专卖店 | 所属地区名称:天津 | ASR:奉皇Super73复古新国标电动自行车小型代步里电池助理电评车。,1,79,329
331,/home/zhaoshuai/workspace/CommoditySemanticAlignmentDemo/datas/origin_datas/images_part/331.jpg,/home/zhaoshuai/workspace/CommoditySemanticAlignmentDemo/datas/origin_datas/audio_part/331.mp3,title:九号电动F90电动车成人代步9号长续航智能电瓶车官方 门店自提 | 商品名称:九号电动F90电动车成人代步9号长续航智能电瓶车官方 门店自提 | label:电动自行车 | Llabel:出行用品 | 商品分类:出行用品 | 商品价格:3515 | 店铺名称:九号电动官方旗舰店 | 所属地区名称:江苏 | ASR:9号电动F90电动车成人戴布9号长序行智能电平车官方门电自体,1,80,330
332,/home/zhaoshuai/workspace/CommoditySemanticAlignmentDemo/datas/origin_datas/images_part/332.jpg,/home/zhaoshuai/workspace/CommoditySemanticAlignmentDemo/datas/origin_datas/audio_part/332.mp3,title:途得折叠电动自行车超轻便携代驾电动车小型代步助力锂电池电瓶车 | 商品名称:途得折叠电动自行车超轻便携代驾电动车小型代步助力锂电池电瓶车 | label:电动自行车 | Llabel:出行用品 | 商品分类:出行用品 | 商品价格:588 | 店铺名称:TUDE途得电动车工厂店 | 所属地区名称:天津 | ASR:徒德折叠电动自行车超轻电鞋代价电动车小型代步助力理电池电平车。,1,81,331
333,/home/zhaoshuai/workspace/CommoditySemanticAlignmentDemo/datas/origin_datas/images_part/333.jpg,/home/zhaoshuai/workspace/CommoditySemanticAlignmentDemo/datas/origin_datas/audio_part/333.mp3,title:绿源电动车折叠电动自行车代驾超轻便携小型代步新国标 | 商品名称:绿源电动车折叠电动自行车代驾超轻便携小型代步新国标 | label:电动自行车 | Llabel:出行用品 | 商品分类:出行用品 | 商品价格:860 | 店铺名称:绿源绘前专卖店 | 所属地区名称:广东 | ASR:律员电动车折叠电动自行车代价超轻便写小型代布新国标。,1,82,332
334,/home/zhaoshuai/workspace/CommoditySemanticAlignmentDemo/datas/origin_datas/images_part/334.jpg,/home/zhaoshuai/workspace/CommoditySemanticAlignmentDemo/datas/origin_datas/audio_part/334.mp3,title:凤凰2025新款国标电动车成人女士电动自行车代步两轮电瓶车小型车 | 商品名称:凤凰2025新款国标电动车成人女士电动自行车代步两轮电瓶车小型车 | label:电动自行车 | Llabel:出行用品 | 商品分类:出行用品 | 商品价格:670 | 店铺名称:凤凰旗舰店 | 所属地区名称:山东 | ASR:奉皇2025新款国标电动车成人女士电动自行车代步两轮电瓶车小行车,1,83,333
335,/home/zhaoshuai/workspace/CommoditySemanticAlignmentDemo/datas/origin_datas/images_part/335.jpg,/home/zhaoshuai/workspace/CommoditySemanticAlignmentDemo/datas/origin_datas/audio_part/335.mp3,title:台铃官方直营店电瓶车小型助力代步电单车新国标电动自行车长跑王 | 商品名称:台铃官方直营店电瓶车小型助力代步电单车新国标电动自行车长跑王 | label:电动自行车 | Llabel:出行用品 | 商品分类:出行用品 | 商品价格:1399 | 店铺名称:台铃电动车官方店 | 所属地区名称:天津 | ASR:台零官方直迎点电瓶车小型助力带步电单车新国标电动自行车长跑亡。,1,84,334
336,/home/zhaoshuai/workspace/CommoditySemanticAlignmentDemo/datas/origin_datas/images_part/336.jpg,/home/zhaoshuai/workspace/CommoditySemanticAlignmentDemo/datas/origin_datas/audio_part/336.mp3,title:永久可拆锂电助力自行车男女学生双碟刹铝合金车架变速减震 | 商品名称:永久可拆锂电助力自行车男女学生双碟刹铝合金车架变速减震 | label:电动自行车 | Llabel:出行用品 | 商品分类:出行用品 | 商品价格:2139 | 店铺名称:永久c运动旗舰店 | 所属地区名称:天津 | ASR:永久可拆立电助力自行车男女学生双碟沙律和金车架变速减震。,1,85,335
337,/home/zhaoshuai/workspace/CommoditySemanticAlignmentDemo/datas/origin_datas/images_part/337.jpg,/home/zhaoshuai/workspace/CommoditySemanticAlignmentDemo/datas/origin_datas/audio_part/337.mp3,title:台铃新国标电动自行车代驾折叠电动车锂电超轻便携小型代步电瓶车 | 商品名称:台铃新国标电动自行车代驾折叠电动车锂电超轻便携小型代步电瓶车 | label:电动自行车 | Llabel:出行用品 | 商品分类:出行用品 | 商品价格:919 | 店铺名称:台铃鼎讯专卖店 | 所属地区名称:广东 | ASR:台零新国标电动自行车代价折叠电动车里电超轻便写小型代步电评车。,1,86,336
338,/home/zhaoshuai/workspace/CommoditySemanticAlignmentDemo/datas/origin_datas/images_part/338.jpg,/home/zhaoshuai/workspace/CommoditySemanticAlignmentDemo/datas/origin_datas/audio_part/338.mp3,title:baicycle小白电动自行车新国标成人代步长续航折叠便携助力电瓶车 | 商品名称:baicycle小白电动自行车新国标成人代步长续航折叠便携助力电瓶车 | label:电动自行车 | Llabel:出行用品 | 商品分类:出行用品 | 商品价格:1689 | 店铺名称:baicycle旗舰店 | 所属地区名称:广东 | ASR:Basicle 小白电动自行车 新国标诚人代步常序行 折叠变斜助理电评车,1,87,337
339,/home/zhaoshuai/workspace/CommoditySemanticAlignmentDemo/datas/origin_datas/images_part/339.jpg,/home/zhaoshuai/workspace/CommoditySemanticAlignmentDemo/datas/origin_datas/audio_part/339.mp3,title:台铃电动车48V22A蓝鲸动力电瓶车新国标电动自行车小型女代步长跑 | 商品名称:台铃电动车48V22A蓝鲸动力电瓶车新国标电动自行车小型女代步长跑 | label:电动自行车 | Llabel:出行用品 | 商品分类:出行用品 | 商品价格:1699 | 店铺名称:台铃鼎讯专卖店 | 所属地区名称:天津 | ASR:台零电动车48V22A 拦金动力电瓶车新国标电动自行车小型女代步长跑。,1,88,338
340,/home/zhaoshuai/workspace/CommoditySemanticAlignmentDemo/datas/origin_datas/images_part/340.jpg,/home/zhaoshuai/workspace/CommoditySemanticAlignmentDemo/datas/origin_datas/audio_part/340.mp3,title:凤凰电助力自行车男女成人代步超长续航电瓶车2025新款锂电车 | 商品名称:凤凰电助力自行车男女成人代步超长续航电瓶车2025新款锂电车 | label:电动自行车 | Llabel:出行用品 | 商品分类:出行用品 | 商品价格:1399 | 店铺名称:凤凰旗舰店 | 所属地区名称:天津 | ASR:奉皇殿助力自行车男女成人呆布超常续航电瓶车2025新款礼电车。,1,89,339
341,/home/zhaoshuai/workspace/CommoditySemanticAlignmentDemo/datas/origin_datas/images_part/341.jpg,/home/zhaoshuai/workspace/CommoditySemanticAlignmentDemo/datas/origin_datas/audio_part/341.mp3,title:九号电动车Mz MIX智能电自日常通勤代步9号电动车 门店自提 | 商品名称:九号电动车Mz MIX智能电自日常通勤代步9号电动车 门店自提 | label:电动自行车 | Llabel:出行用品 | 商品分类:出行用品 | 商品价格:4549 | 店铺名称:九号电动官方旗舰店 | 所属地区名称:江苏 | ASR:9号电动车MCMIX智能电子日常通勤戴部9号电动车门电自体,1,90,340
342,/home/zhaoshuai/workspace/CommoditySemanticAlignmentDemo/datas/origin_datas/images_part/342.jpg,/home/zhaoshuai/workspace/CommoditySemanticAlignmentDemo/datas/origin_datas/audio_part/342.mp3,title:凤凰电动车成人女生小型电瓶车新国标电动自行车锂电2025新款代步 | 商品名称:凤凰电动车成人女生小型电瓶车新国标电动自行车锂电2025新款代步 | label:电动自行车 | Llabel:出行用品 | 商品分类:出行用品 | 商品价格:670 | 店铺名称:凤凰旗舰店 | 所属地区名称:广东 | ASR:奉皇电动车成人女生小型电瓶车新国标电动自行车礼电 2025新款代步,1,91,341
343,/home/zhaoshuai/workspace/CommoditySemanticAlignmentDemo/datas/origin_datas/images_part/343.jpg,/home/zhaoshuai/workspace/CommoditySemanticAlignmentDemo/datas/origin_datas/audio_part/343.mp3,title:台铃电动车官方新款新国标可上牌电动自行车女成人代步小型电瓶车 | 商品名称:台铃电动车官方新款新国标可上牌电动自行车女成人代步小型电瓶车 | label:电动自行车 | Llabel:出行用品 | 商品分类:出行用品 | 商品价格:1399 | 店铺名称:台铃电动车官方店 | 所属地区名称:天津 | ASR:台零电动车官方新款新国标可上排电动自行车女成人带不小心电瓶车,1,92,342
344,/home/zhaoshuai/workspace/CommoditySemanticAlignmentDemo/datas/origin_datas/images_part/344.jpg,/home/zhaoshuai/workspace/CommoditySemanticAlignmentDemo/datas/origin_datas/audio_part/344.mp3,title:飞鸽26寸电助力自行车越野变速山地车成人代步锂电池电动自行单车 | 商品名称:飞鸽26寸电助力自行车越野变速山地车成人代步锂电池电动自行单车 | label:电动自行车 | Llabel:出行用品 | 商品分类:出行用品 | 商品价格:1438 | 店铺名称:飞鸽维创专卖店 | 所属地区名称:广东 | ASR:非哥26寸电助理自行车越野变速山底车成人代步里电池电动自行单车。,1,93,343
345,/home/zhaoshuai/workspace/CommoditySemanticAlignmentDemo/datas/origin_datas/images_part/345.jpg,/home/zhaoshuai/workspace/CommoditySemanticAlignmentDemo/datas/origin_datas/audio_part/345.mp3,title:新大洲折叠电动自行车代驾超轻代步便携助力锂电池新国标电瓶车 | 商品名称:新大洲折叠电动自行车代驾超轻代步便携助力锂电池新国标电瓶车 | label:电动自行车 | Llabel:出行用品 | 商品分类:出行用品 | 商品价格:609 | 店铺名称:中国新大洲电动车直销店 | 所属地区名称:广东 | ASR:新大州折叠电动自行车代价超轻代步辨邪助力力电池新国标电评车。,1,94,344
346,/home/zhaoshuai/workspace/CommoditySemanticAlignmentDemo/datas/origin_datas/images_part/346.jpg,/home/zhaoshuai/workspace/CommoditySemanticAlignmentDemo/datas/origin_datas/audio_part/346.mp3,title:新日电动折叠自行车代驾超轻便携小型代步助力锂电池新国标电瓶车 | 商品名称:新日电动折叠自行车代驾超轻便携小型代步助力锂电池新国标电瓶车 | label:电动自行车 | Llabel:出行用品 | 商品分类:出行用品 | 商品价格:739 | 店铺名称:新日木青专卖店 | 所属地区名称:广东 | ASR:新日电动折叠自行车代价超轻便写小型代步助理里电池新国标电评车。,1,95,345
347,/home/zhaoshuai/workspace/CommoditySemanticAlignmentDemo/datas/origin_datas/images_part/347.jpg,/home/zhaoshuai/workspace/CommoditySemanticAlignmentDemo/datas/origin_datas/audio_part/347.mp3,title:飞鸽电助力山地自行车26寸越野成人男女代步锂电池电动车电瓶单车 | 商品名称:飞鸽电助力山地自行车26寸越野成人男女代步锂电池电动车电瓶单车 | label:电动自行车 | Llabel:出行用品 | 商品分类:出行用品 | 商品价格:1208 | 店铺名称:飞鸽维创专卖店 | 所属地区名称:广东 | ASR:飞哥电助力山地自行车26寸越野成人男女带步里电池电动车电瓶单车,1,96,346
348,/home/zhaoshuai/workspace/CommoditySemanticAlignmentDemo/datas/origin_datas/images_part/348.jpg,/home/zhaoshuai/workspace/CommoditySemanticAlignmentDemo/datas/origin_datas/audio_part/348.mp3,title:电动车小型车2025新款成人电动自行车迷你代步新国标可上牌电瓶车 | 商品名称:电动车小型车2025新款成人电动自行车迷你代步新国标可上牌电瓶车 | label:电动自行车 | Llabel:出行用品 | 商品分类:出行用品 | 商品价格:428 | 店铺名称:超越电动科技 | 所属地区名称:山东 | ASR:电动车小型车2025新款成人电动自行车迷你代步新国标可上台电评车。,1,97,347
349,/home/zhaoshuai/workspace/CommoditySemanticAlignmentDemo/datas/origin_datas/images_part/349.jpg,/home/zhaoshuai/workspace/CommoditySemanticAlignmentDemo/datas/origin_datas/audio_part/349.mp3,title:飞鸽新国标电动自行车代驾折叠电动车锂电超轻便携小型代步电瓶车 | 商品名称:飞鸽新国标电动自行车代驾折叠电动车锂电超轻便携小型代步电瓶车 | label:电动自行车 | Llabel:出行用品 | 商品分类:出行用品 | 商品价格:588 | 店铺名称:中国飞鸽电动车工厂店 | 所属地区名称:天津 | ASR:非哥新国标电动自行车代价折叠电动车里电超轻便写小型代步电评车。,1,98,348
350,/home/zhaoshuai/workspace/CommoditySemanticAlignmentDemo/datas/origin_datas/images_part/350.jpg,/home/zhaoshuai/workspace/CommoditySemanticAlignmentDemo/datas/origin_datas/audio_part/350.mp3,"title:【开箱即骑】凤凰电助力自行车可拆锂电池女小型成人电瓶车车 | 商品名称:【开箱即骑】凤凰电助力自行车可拆锂电池女小型成人电瓶车车 | label:电动自行车 | Llabel:出行用品 | 商品分类:出行用品 | 商品价格:1319 | 店铺名称:凤凰官方旗舰店 | 所属地区名称:天津 | ASR:开箱及其,奉皇殿助力自行车可拆礼电池女小型成人电瓶车车。",1,99,349
351,/home/zhaoshuai/workspace/CommoditySemanticAlignmentDemo/datas/origin_datas/images_part/351.jpg,/home/zhaoshuai/workspace/CommoditySemanticAlignmentDemo/datas/origin_datas/audio_part/351.mp3,title:领航者小牛电助力自行车山地车通勤代步越野锂电池单车成人车 | 商品名称:领航者小牛电助力自行车山地车通勤代步越野锂电池单车成人车 | label:电动自行车 | Llabel:出行用品 | 商品分类:出行用品 | 商品价格:1378 | 店铺名称:领航者小牛倍瑞专卖店 | 所属地区名称:广东 | ASR:令行者小牛店助力自行车山地车通勤带部越野里电池单车成人车。,1,100,350
352,/home/zhaoshuai/workspace/CommoditySemanticAlignmentDemo/datas/origin_datas/images_part/352.jpg,/home/zhaoshuai/workspace/CommoditySemanticAlignmentDemo/datas/origin_datas/audio_part/352.mp3,title:永久可拆电池电助力自行车锂电池女士通勤代步轻便助力电瓶车 | 商品名称:永久可拆电池电助力自行车锂电池女士通勤代步轻便助力电瓶车 | label:电动自行车 | Llabel:出行用品 | 商品分类:出行用品 | 商品价格:1549 | 店铺名称:永久c运动旗舰店 | 所属地区名称:天津 | ASR:永久可猜电池电助力自行车里电池女士通勤代步轻电助力电瓶车。,1,101,351
353,/home/zhaoshuai/workspace/CommoditySemanticAlignmentDemo/datas/origin_datas/images_part/353.jpg,/home/zhaoshuai/workspace/CommoditySemanticAlignmentDemo/datas/origin_datas/audio_part/353.mp3,title:飞鸽电助力自行车24寸成人男女通勤代步可拆卸锂电池电动自行单车 | 商品名称:飞鸽电助力自行车24寸成人男女通勤代步可拆卸锂电池电动自行单车 | label:电动自行车 | Llabel:出行用品 | 商品分类:出行用品 | 商品价格:1108 | 店铺名称:飞鸽悠步智行专卖店 | 所属地区名称:广东 | ASR:飞哥电助力自行车24寸成人男女通勤代步可拆卸力电池电动自行单车。,1,102,352
354,/home/zhaoshuai/workspace/CommoditySemanticAlignmentDemo/datas/origin_datas/images_part/354.jpg,/home/zhaoshuai/workspace/CommoditySemanticAlignmentDemo/datas/origin_datas/audio_part/354.mp3,title:永久电助力锂电池弯把电助力公路车自行车男女通用铝合金成人赛车 | 商品名称:永久电助力锂电池弯把电助力公路车自行车男女通用铝合金成人赛车 | label:电动自行车 | Llabel:出行用品 | 商品分类:出行用品 | 商品价格:9999 | 店铺名称:永久电助力旗舰店 | 所属地区名称:天津 | ASR:永久电驻利利电池湾把电驻利公路车自行车男女通用旅合金成人赛车。,1,103,353
355,/home/zhaoshuai/workspace/CommoditySemanticAlignmentDemo/datas/origin_datas/images_part/355.jpg,/home/zhaoshuai/workspace/CommoditySemanticAlignmentDemo/datas/origin_datas/audio_part/355.mp3,title:super73Y1S20寸新款国标复古电动自行车成人代步电驴电瓶车小型女 | 商品名称:super73Y1S20寸新款国标复古电动自行车成人代步电驴电瓶车小型女 | label:电动自行车 | Llabel:出行用品 | 商品分类:出行用品 | 商品价格:1848 | 店铺名称:法克斯旗舰店 | 所属地区名称:广东 | ASR:Super7-3YES-20寸新款国标复古电动自行车程人带部电磷电瓶车小型女,1,104,354
356,/home/zhaoshuai/workspace/CommoditySemanticAlignmentDemo/datas/origin_datas/images_part/356.jpg,/home/zhaoshuai/workspace/CommoditySemanticAlignmentDemo/datas/origin_datas/audio_part/356.mp3,title:super73Y1S新款电动自行车复古越野电瓶车成人带人小型女士车 | 商品名称:super73Y1S新款电动自行车复古越野电瓶车成人带人小型女士车 | label:电动自行车 | Llabel:出行用品 | 商品分类:出行用品 | 商品价格:4099 | 店铺名称:法克斯旗舰店 | 所属地区名称:广东 | ASR:Suber 737YES 新款电动自行车复古月野电瓶车成人带人小型女士车。,1,105,355
357,/home/zhaoshuai/workspace/CommoditySemanticAlignmentDemo/datas/origin_datas/images_part/357.jpg,/home/zhaoshuai/workspace/CommoditySemanticAlignmentDemo/datas/origin_datas/audio_part/357.mp3,title:凤凰电动车2025新款电动自行车成人小型女士代步助力新国标电瓶车 | 商品名称:凤凰电动车2025新款电动自行车成人小型女士代步助力新国标电瓶车 | label:电动自行车 | Llabel:出行用品 | 商品分类:出行用品 | 商品价格:570 | 店铺名称:上海凤凰电动自行车直销店 | 所属地区名称:山东 | ASR:奉皇电动车2025新款电动自行车程人小型女士戴布助力新国标电评车。,1,106,356
358,/home/zhaoshuai/workspace/CommoditySemanticAlignmentDemo/datas/origin_datas/images_part/358.jpg,/home/zhaoshuai/workspace/CommoditySemanticAlignmentDemo/datas/origin_datas/audio_part/358.mp3,title:飞鸽电助力自行车24寸女士通勤代步锂电池成人电动车小型电瓶单车 | 商品名称:飞鸽电助力自行车24寸女士通勤代步锂电池成人电动车小型电瓶单车 | label:电动自行车 | Llabel:出行用品 | 商品分类:出行用品 | 商品价格:1108 | 店铺名称:飞鸽维创专卖店 | 所属地区名称:广东 | ASR:飞哥电助力自行车24寸女士通勤代步里电池城人电动车小型电瓶单车,1,107,357
359,/home/zhaoshuai/workspace/CommoditySemanticAlignmentDemo/datas/origin_datas/images_part/359.jpg,/home/zhaoshuai/workspace/CommoditySemanticAlignmentDemo/datas/origin_datas/audio_part/359.mp3,title:永久2025新款电动车成人女士小型电动自行车轻便代步长续航电瓶车 | 商品名称:永久2025新款电动车成人女士小型电动自行车轻便代步长续航电瓶车 | label:电动自行车 | Llabel:出行用品 | 商品分类:出行用品 | 商品价格:1119 | 店铺名称:FOREVER 永久工厂品牌店 | 所属地区名称:天津 | ASR:永久2025新款电动车成人女士小型电动自行车清电代步长序行电评车。,1,108,358
360,/home/zhaoshuai/workspace/CommoditySemanticAlignmentDemo/datas/origin_datas/images_part/360.jpg,/home/zhaoshuai/workspace/CommoditySemanticAlignmentDemo/datas/origin_datas/audio_part/360.mp3,title:凤凰Super73电动自行车新国标锂电复古越野雪地助力车小型车 | 商品名称:凤凰Super73电动自行车新国标锂电复古越野雪地助力车小型车 | label:电动自行车 | Llabel:出行用品 | 商品分类:出行用品 | 商品价格:1449 | 店铺名称:凤凰电动车旗舰店 | 所属地区名称:天津 | ASR:奉皇Super73电动自行车新国标理电复古月野雪地驻利车小行车。,1,109,359
361,/home/zhaoshuai/workspace/CommoditySemanticAlignmentDemo/datas/origin_datas/images_part/361.jpg,/home/zhaoshuai/workspace/CommoditySemanticAlignmentDemo/datas/origin_datas/audio_part/361.mp3,title:新型折叠电动自行车锂电池电助力山地车26/24寸锂电越野变速单车 | 商品名称:新型折叠电动自行车锂电池电助力山地车26/24寸锂电越野变速单车 | label:电动自行车 | Llabel:出行用品 | 商品分类:出行用品 | 商品价格:2788 | 店铺名称:OMECI工厂直销店 | 所属地区名称:广东 | ASR:新型折叠电动自行车里电池电助力山地车24分之26寸理电越野变速单车。,1,110,360
362,/home/zhaoshuai/workspace/CommoditySemanticAlignmentDemo/datas/origin_datas/images_part/362.jpg,/home/zhaoshuai/workspace/CommoditySemanticAlignmentDemo/datas/origin_datas/audio_part/362.mp3,title:凤凰电动车小型车男女成人新国标电动自行车迷你代步长跑王电瓶车 | 商品名称:凤凰电动车小型车男女成人新国标电动自行车迷你代步长跑王电瓶车 | label:电动自行车 | Llabel:出行用品 | 商品分类:出行用品 | 商品价格:670 | 店铺名称:凤凰嘉禾电动车直销店 | 所属地区名称:山东 | ASR:奉皇电动车小型车男女成人新国标电动自行车迷你带步长跑王电平车。,1,111,361
363,/home/zhaoshuai/workspace/CommoditySemanticAlignmentDemo/datas/origin_datas/images_part/363.jpg,/home/zhaoshuai/workspace/CommoditySemanticAlignmentDemo/datas/origin_datas/audio_part/363.mp3,title:super73RXY1S1电动自行车宽轮胎电动车山地越野助力车复古电瓶车 | 商品名称:super73RXY1S1电动自行车宽轮胎电动车山地越野助力车复古电瓶车 | label:电动自行车 | Llabel:出行用品 | 商品分类:出行用品 | 商品价格:1999 | 店铺名称:凤 凰Super73工厂 | 所属地区名称:天津 | ASR:SUPER-7-3RXYES一电动自行车宽轮胎电动车山地月野助力车复古电评车,1,112,362
364,/home/zhaoshuai/workspace/CommoditySemanticAlignmentDemo/datas/origin_datas/images_part/364.jpg,/home/zhaoshuai/workspace/CommoditySemanticAlignmentDemo/datas/origin_datas/audio_part/364.mp3,"title:Phoenix/凤凰26寸可取锂电电动助力自行车大车筐油碟力矩车 | 商品名称:Phoenix/凤凰26寸可取锂电电动助力自行车大车筐油碟力矩车 | label:电动自行车 | Llabel:出行用品 | 商品分类:出行用品 | 商品价格:1449 | 店铺名称:百亿补贴品牌优选 | 所属地区名称:天津 | ASR:Fenix,奉皇26寸可取李电电动助理自行车大车框有碟力举车",1,113,363
365,/home/zhaoshuai/workspace/CommoditySemanticAlignmentDemo/datas/origin_datas/images_part/365.jpg,/home/zhaoshuai/workspace/CommoditySemanticAlignmentDemo/datas/origin_datas/audio_part/365.mp3,title:super73s1rx黑武士电动自行车越野小型复古变速助力成人电瓶车 | 商品名称:super73s1rx黑武士电动自行车越野小型复古变速助力成人电瓶车 | label:电动自行车 | Llabel:出行用品 | 商品分类:出行用品 | 商品价格:2144 | 店铺名称:adiman运动户外旗舰店 | 所属地区名称:天津 | ASR:Super-7-3SERX-H5式电动自行车越野小心复古变速助力成人电评车。,1,114,364
366,/home/zhaoshuai/workspace/CommoditySemanticAlignmentDemo/datas/origin_datas/images_part/366.jpg,/home/zhaoshuai/workspace/CommoditySemanticAlignmentDemo/datas/origin_datas/audio_part/366.mp3,"title:【门店自提】绿源电动自行车K50铅酸长续航大容量成人代步电瓶车 | 商品名称:【门店自提】绿源电动自行车K50铅酸长续航大容量成人代步电瓶车 | label:电动自行车 | Llabel:出行用品 | 商品分类:出行用品 | 商品价格:3899 | 店铺名称:绿源旗舰店 | 所属地区名称:浙江 | ASR:门店自体,律员电动自行车客5.0千孙常序行大容量成人代步电评车。",1,115,365
367,/home/zhaoshuai/workspace/CommoditySemanticAlignmentDemo/datas/origin_datas/images_part/367.jpg,/home/zhaoshuai/workspace/CommoditySemanticAlignmentDemo/datas/origin_datas/audio_part/367.mp3,title:baicycle小白折叠电动助力自行车成人女士代步超轻便携型车 | 商品名称:baicycle小白折叠电动助力自行车成人女士代步超轻便携型车 | label:电动自行车 | Llabel:出行用品 | 商品分类:出行用品 | 商品价格:2299 | 店铺名称:baicycle旗舰店 | 所属地区名称:广东 | ASR:杯塞狗小白哲叠电动助理自行车成人女士戴布超清辨邪行车。,1,116,366
368,/home/zhaoshuai/workspace/CommoditySemanticAlignmentDemo/datas/origin_datas/images_part/368.jpg,/home/zhaoshuai/workspace/CommoditySemanticAlignmentDemo/datas/origin_datas/audio_part/368.mp3,title:新款元宇宙电动车女生小型电瓶车新国标电动自行车成人女士代步车 | 商品名称:新款元宇宙电动车女生小型电瓶车新国标电动自行车成人女士代步车 | label:电动自行车 | Llabel:出行用品 | 商品分类:出行用品 | 商品价格:899 | 店铺名称:临沂电动车源头工厂 | 所属地区名称:山东 | ASR:新款原宇宙电动车女生小型电平车新国标电动自行车成人女士带步车。,1,117,367
369,/home/zhaoshuai/workspace/CommoditySemanticAlignmentDemo/datas/origin_datas/images_part/369.jpg,/home/zhaoshuai/workspace/CommoditySemanticAlignmentDemo/datas/origin_datas/audio_part/369.mp3,"title:【新品首发】FXT Citi小牛电动车锂电智能长续航成人代步 | 商品名称:【新品首发】FXT Citi小牛电动车锂电智能长续航成人代步 | label:电动自行车 | Llabel:出行用品 | 商品分类:出行用品 | 商品价格:6349 | 店铺名称:小牛电动旗舰店 | 所属地区名称:江苏 | ASR:新品首发,FXT司令小牛电动车礼电智能长续航成人带部。",1,118,368
370,/home/zhaoshuai/workspace/CommoditySemanticAlignmentDemo/datas/origin_datas/images_part/370.jpg,/home/zhaoshuai/workspace/CommoditySemanticAlignmentDemo/datas/origin_datas/audio_part/370.mp3,title:凤凰D1新国标电动自行车男女成人通勤锂电代步轻便助力电瓶车 | 商品名称:凤凰D1新国标电动自行车男女成人通勤锂电代步轻便助力电瓶车 | label:电动自行车 | Llabel:出行用品 | 商品分类:出行用品 | 商品价格:1269 | 店铺名称:凤凰普洛专卖店 | 所属地区名称:天津 | ASR:奉皇帝一新国标电动自行车男女成人通勤理电代步轻便助理电评车。,1,119,369
371,/home/zhaoshuai/workspace/CommoditySemanticAlignmentDemo/datas/origin_datas/images_part/371.jpg,/home/zhaoshuai/workspace/CommoditySemanticAlignmentDemo/datas/origin_datas/audio_part/371.mp3,title:Baicycle小白折叠电动助力自行车成人女生迷你小型超轻新国标 | 商品名称:Baicycle小白折叠电动助力自行车成人女生迷你小型超轻新国标 | label:电动自行车 | Llabel:出行用品 | 商品分类:出行用品 | 商品价格:1449 | 店铺名称:baicycle旗舰店 | 所属地区名称:广东 | ASR:杯塞狗小白折叠电动助力自行车成人女生米尼小型超轻轻国标。,1,120,370
372,/home/zhaoshuai/workspace/CommoditySemanticAlignmentDemo/datas/origin_datas/images_part/372.jpg,/home/zhaoshuai/workspace/CommoditySemanticAlignmentDemo/datas/origin_datas/audio_part/372.mp3,title:智能电动越野助力自行车电瓶车锂电池男女20寸全地形成人沙地车 | 商品名称:智能电动越野助力自行车电瓶车锂电池男女20寸全地形成人沙地车 | label:电动自行车 | Llabel:出行用品 | 商品分类:出行用品 | 商品价格:3391 | 店铺名称:科弗森旗舰店 | 所属地区名称:广东 | ASR:智能电动越野助力自行车 电平车里电池男女20寸全的行程人杀地车。,1,121,371
373,/home/zhaoshuai/workspace/CommoditySemanticAlignmentDemo/datas/origin_datas/images_part/373.jpg,/home/zhaoshuai/workspace/CommoditySemanticAlignmentDemo/datas/origin_datas/audio_part/373.mp3,title:台铃折叠电动车代驾新国标电动自行车锂电超轻便携小型代步电瓶车 | 商品名称:台铃折叠电动车代驾新国标电动自行车锂电超轻便携小型代步电瓶车 | label:电动自行车 | Llabel:出行用品 | 商品分类:出行用品 | 商品价格:919 | 店铺名称:台铃电动车官方店 | 所属地区名称:广东 | ASR:台零折叠电动车代价新国标电动自行车里电超轻便写小型代步电评车。,1,122,372
374,/home/zhaoshuai/workspace/CommoditySemanticAlignmentDemo/datas/origin_datas/images_part/374.jpg,/home/zhaoshuai/workspace/CommoditySemanticAlignmentDemo/datas/origin_datas/audio_part/374.mp3,title:领航者小牛电助力自行车通勤代步山地车越野单车成人电动车改装 | 商品名称:领航者小牛电助力自行车通勤代步山地车越野单车成人电动车改装 | label:电动自行车 | Llabel:出行用品 | 商品分类:出行用品 | 商品价格:1499 | 店铺名称:领航者小牛倍瑞专卖店 | 所属地区名称:广东 | ASR:令行者小牛电助力自行车通勤代步山地车越野单车成人电动车改装。,1,123,373
375,/home/zhaoshuai/workspace/CommoditySemanticAlignmentDemo/datas/origin_datas/images_part/375.jpg,/home/zhaoshuai/workspace/CommoditySemanticAlignmentDemo/datas/origin_datas/audio_part/375.mp3,title:电动车小型车2025新款成人电动自行车迷你代步新国标可上牌电瓶车 | 商品名称:电动车小型车2025新款成人电动自行车迷你代步新国标可上牌电瓶车 | label:电动自行车 | Llabel:出行用品 | 商品分类:出行用品 | 商品价格:429 | 店铺名称:宏图电动车总工厂 | 所属地区名称:山东 | ASR:电动车小型车2025新款成人电动自行车迷你代步新国标可上台电评车。,1,124,374
376,/home/zhaoshuai/workspace/CommoditySemanticAlignmentDemo/datas/origin_datas/images_part/376.jpg,/home/zhaoshuai/workspace/CommoditySemanticAlignmentDemo/datas/origin_datas/audio_part/376.mp3,title:凤凰电动车小型车2025新款成人电动自行车长续航可上牌助力电瓶车 | 商品名称:凤凰电动车小型车2025新款成人电动自行车长续航可上牌助力电瓶车 | label:电动自行车 | Llabel:出行用品 | 商品分类:出行用品 | 商品价格:670 | 店铺名称:凤凰嘉禾电动车直销店 | 所属地区名称:山东 | ASR:奉皇电动车小型车2025新款成人电动自行车厂续航可上排助理电评车。,1,125,375
377,/home/zhaoshuai/workspace/CommoditySemanticAlignmentDemo/datas/origin_datas/images_part/377.jpg,/home/zhaoshuai/workspace/CommoditySemanticAlignmentDemo/datas/origin_datas/audio_part/377.mp3,title:凤凰折叠电动自行车代驾超轻便携小型代步助力锂电池新国标电瓶车 | 商品名称:凤凰折叠电动自行车代驾超轻便携小型代步助力锂电池新国标电瓶车 | label:电动自行车 | Llabel:出行用品 | 商品分类:出行用品 | 商品价格:2799 | 店铺名称:凤凰运动户外直销店 | 所属地区名称:广东 | ASR:奉皇哲谍电动自行车代价超轻便写小型代步助理里电池新国标电评车。,1,126,376
378,/home/zhaoshuai/workspace/CommoditySemanticAlignmentDemo/datas/origin_datas/images_part/378.jpg,/home/zhaoshuai/workspace/CommoditySemanticAlignmentDemo/datas/origin_datas/audio_part/378.mp3,title:建设折叠电动自行车代驾超轻便携代步助力锂电池新国标电瓶车 | 商品名称:建设折叠电动自行车代驾超轻便携代步助力锂电池新国标电瓶车 | label:电动自行车 | Llabel:出行用品 | 商品分类:出行用品 | 商品价格:388 | 店铺名称:建设工厂特卖店 | 所属地区名称:广东 | ASR:建设折叠电动自行车代价超轻便鞋代步助力里电池新国标电评车。,1,127,377
379,/home/zhaoshuai/workspace/CommoditySemanticAlignmentDemo/datas/origin_datas/images_part/379.jpg,/home/zhaoshuai/workspace/CommoditySemanticAlignmentDemo/datas/origin_datas/audio_part/379.mp3,title:赛凯伦折叠电动自行车超轻便携小型代驾助力锂电池新国标电瓶车 | 商品名称:赛凯伦折叠电动自行车超轻便携小型代驾助力锂电池新国标电瓶车 | label:电动自行车 | Llabel:出行用品 | 商品分类:出行用品 | 商品价格:600 | 店铺名称:赛凯伦运动户外旗舰店 | 所属地区名称:广东 | ASR:赛凯伦折叠电动自行车超轻便写小型代价助力里电池新国标电评车。,1,128,378
380,/home/zhaoshuai/workspace/CommoditySemanticAlignmentDemo/datas/origin_datas/images_part/380.jpg,/home/zhaoshuai/workspace/CommoditySemanticAlignmentDemo/datas/origin_datas/audio_part/380.mp3,title:凤凰电助力自行车男女成人新款代步电动车锂电池可折叠便携电瓶车 | 商品名称:凤凰电助力自行车男女成人新款代步电动车锂电池可折叠便携电瓶车 | label:电动自行车 | Llabel:出行用品 | 商品分类:出行用品 | 商品价格:1384 | 店铺名称:凤凰旗舰店 | 所属地区名称:天津 | ASR:奉皇殿助理自行车男女成人新款代步电动车礼电池可折叠变斜电平车。,1,129,379
381,/home/zhaoshuai/workspace/CommoditySemanticAlignmentDemo/datas/origin_datas/images_part/381.jpg,/home/zhaoshuai/workspace/CommoditySemanticAlignmentDemo/datas/origin_datas/audio_part/381.mp3,title:新国标电动车2025新款可上牌电瓶车男女成人代步长续航电动自行车 | 商品名称:新国标电动车2025新款可上牌电瓶车男女成人代步长续航电动自行车 | label:电动自行车 | Llabel:出行用品 | 商品分类:出行用品 | 商品价格:708 | 店铺名称:绿驰电动车总店 | 所属地区名称:广东 | ASR:新国标电动车2025 新款可上台 电瓶车男女成人代步长序行电动自行车,1,130,380
382,/home/zhaoshuai/workspace/CommoditySemanticAlignmentDemo/datas/origin_datas/images_part/382.jpg,/home/zhaoshuai/workspace/CommoditySemanticAlignmentDemo/datas/origin_datas/audio_part/382.mp3,title:凤凰D1| 锂电电动助力自行车轻便通勤新国标锂电车男女士电瓶单车 | 商品名称:凤凰D1| 锂电电动助力自行车轻便通勤新国标锂电车男女士电瓶单车 | label:电动自行车 | Llabel:出行用品 | 商品分类:出行用品 | 商品价格:1269 | 店铺名称:凤凰电动车旗舰店 | 所属地区名称:天津 | ASR:奉皇帝毅理店店洞助力自行车轻便通勤新国标理店车男女士店平单车。,1,131,381
383,/home/zhaoshuai/workspace/CommoditySemanticAlignmentDemo/datas/origin_datas/images_part/383.jpg,/home/zhaoshuai/workspace/CommoditySemanticAlignmentDemo/datas/origin_datas/audio_part/383.mp3,title:五羊电动车折叠电动自行车新款助力电车代驾专用便携电瓶车代步车 | 商品名称:五羊电动车折叠电动自行车新款助力电车代驾专用便携电瓶车代步车 | label:电动自行车 | Llabel:出行用品 | 商品分类:出行用品 | 商品价格:499 | 店铺名称:五羊苏昭熠专卖店 | 所属地区名称:广东 | ASR:武阳电动车折叠电动自行车新款助力电车代价专用变斜电平车代步车。,1,132,382
384,/home/zhaoshuai/workspace/CommoditySemanticAlignmentDemo/datas/origin_datas/images_part/384.jpg,/home/zhaoshuai/workspace/CommoditySemanticAlignmentDemo/datas/origin_datas/audio_part/384.mp3,title:凤凰super73s1rx电动自行车越野小型复古变速助力成人电瓶车 | 商品名称:凤凰super73s1rx电动自行车越野小型复古变速助力成人电瓶车 | label:电动自行车 | Llabel:出行用品 | 商品分类:出行用品 | 商品价格:1844 | 店铺名称:凤凰电助力旗舰店 | 所属地区名称:天津 | ASR:奉皇Super7-3SERX 电动自行车越野小心复古变速助力成人电评车。,1,133,383
385,/home/zhaoshuai/workspace/CommoditySemanticAlignmentDemo/datas/origin_datas/images_part/385.jpg,/home/zhaoshuai/workspace/CommoditySemanticAlignmentDemo/datas/origin_datas/audio_part/385.mp3,title:领航者小牛电助力自行车山地车通勤代步越野锂电池单车成人车 | 商品名称:领航者小牛电助力自行车山地车通勤代步越野锂电池单车成人车 | label:电动自行车 | Llabel:出行用品 | 商品分类:出行用品 | 商品价格:1378 | 店铺名称:领航者小牛倍瑞专卖店 | 所属地区名称:广东 | ASR:令行者小牛店助力自行车山地车通勤带部越野里电池单车成人车。,1,134,384
386,/home/zhaoshuai/workspace/CommoditySemanticAlignmentDemo/datas/origin_datas/images_part/386.jpg,/home/zhaoshuai/workspace/CommoditySemanticAlignmentDemo/datas/origin_datas/audio_part/386.mp3,title:新国标电动车小型男女士电动自行车锂电池可上车牌助力两轮电瓶车 | 商品名称:新国标电动车小型男女士电动自行车锂电池可上车牌助力两轮电瓶车 | label:电动自行车 | Llabel:出行用品 | 商品分类:出行用品 | 商品价格:1009 | 店铺名称:凤凰嘉禾电动车直销店 | 所属地区名称:山东 | ASR:新国标电动车小型男女师电动自行车里电池可上车牌助理两轮电瓶车。,1,135,385
387,/home/zhaoshuai/workspace/CommoditySemanticAlignmentDemo/datas/origin_datas/images_part/387.jpg,/home/zhaoshuai/workspace/CommoditySemanticAlignmentDemo/datas/origin_datas/audio_part/387.mp3,title:飞鸽电助力自行车24寸成人男女通勤代步可拆卸锂电池电动自行单车 | 商品名称:飞鸽电助力自行车24寸成人男女通勤代步可拆卸锂电池电动自行单车 | label:电动自行车 | Llabel:出行用品 | 商品分类:出行用品 | 商品价格:1108 | 店铺名称:飞鸽悠步智行专卖店 | 所属地区名称:广东 | ASR:飞哥电助力自行车24寸成人男女通勤代步可拆卸力电池电动自行单车。,1,136,386
388,/home/zhaoshuai/workspace/CommoditySemanticAlignmentDemo/datas/origin_datas/images_part/388.jpg,/home/zhaoshuai/workspace/CommoditySemanticAlignmentDemo/datas/origin_datas/audio_part/388.mp3,title:super73Y1S20寸新款国标复古电动自行车成人代步电驴电瓶车小型女 | 商品名称:super73Y1S20寸新款国标复古电动自行车成人代步电驴电瓶车小型女 | label:电动自行车 | Llabel:出行用品 | 商品分类:出行用品 | 商品价格:1848 | 店铺名称:法克斯旗舰店 | 所属地区名称:广东 | ASR:Super7-3YES-20寸新款国标复古电动自行车程人带部电磷电瓶车小型女,1,137,387
389,/home/zhaoshuai/workspace/CommoditySemanticAlignmentDemo/datas/origin_datas/images_part/389.jpg,/home/zhaoshuai/workspace/CommoditySemanticAlignmentDemo/datas/origin_datas/audio_part/389.mp3,title:永久可拆锂电助力山地车男女学生双碟刹铝合金车架变速减震 | 商品名称:永久可拆锂电助力山地车男女学生双碟刹铝合金车架变速减震 | label:电动自行车 | Llabel:出行用品 | 商品分类:出行用品 | 商品价格:2739 | 店铺名称:永久电助力旗舰店 | 所属地区名称:天津 | ASR:永久可拆立电助力山地车男女学生双碟沙律和金车架变速减震。,1,138,388
390,/home/zhaoshuai/workspace/CommoditySemanticAlignmentDemo/datas/origin_datas/images_part/390.jpg,/home/zhaoshuai/workspace/CommoditySemanticAlignmentDemo/datas/origin_datas/audio_part/390.mp3,title:凤凰S1｜super73新国标电动自行车复古越野助力电瓶车电动车 | 商品名称:凤凰S1｜super73新国标电动自行车复古越野助力电瓶车电动车 | label:电动自行车 | Llabel:出行用品 | 商品分类:出行用品 | 商品价格:1449 | 店铺名称:凤凰电动车旗舰店 | 所属地区名称:上海 | ASR:奉皇SE Super73新国标电动自行车复古越野助力电评车电动车。,1,139,389
391,/home/zhaoshuai/workspace/CommoditySemanticAlignmentDemo/datas/origin_datas/images_part/391.jpg,/home/zhaoshuai/workspace/CommoditySemanticAlignmentDemo/datas/origin_datas/audio_part/391.mp3,title:飞鸽电助力自行车26寸越野山地成人男女代步可拆卸锂电池单车 | 商品名称:飞鸽电助力自行车26寸越野山地成人男女代步可拆卸锂电池单车 | label:电动自行车 | Llabel:出行用品 | 商品分类:出行用品 | 商品价格:1208 | 店铺名称:飞鸽悠步智行专卖店 | 所属地区名称:广东 | ASR:飞哥电助力自行车26寸月野山地成人男女代步可拆卸力电池单车。,1,140,390
392,/home/zhaoshuai/workspace/CommoditySemanticAlignmentDemo/datas/origin_datas/images_part/392.jpg,/home/zhaoshuai/workspace/CommoditySemanticAlignmentDemo/datas/origin_datas/audio_part/392.mp3,title:飞鸽电助力山地自行车26寸越野成人男女代步锂电池电动车电瓶单车 | 商品名称:飞鸽电助力山地自行车26寸越野成人男女代步锂电池电动车电瓶单车 | label:电动自行车 | Llabel:出行用品 | 商品分类:出行用品 | 商品价格:1208 | 店铺名称:飞鸽维创专卖店 | 所属地区名称:广东 | ASR:飞哥电助力山地自行车26寸越野成人男女带步里电池电动车电瓶单车,1,141,391
393,/home/zhaoshuai/workspace/CommoditySemanticAlignmentDemo/datas/origin_datas/images_part/393.jpg,/home/zhaoshuai/workspace/CommoditySemanticAlignmentDemo/datas/origin_datas/audio_part/393.mp3,title:摩兽电动车M03I跨骑电动自行车新国标免驾照锂电电瓶车 | 商品名称:摩兽电动车M03I跨骑电动自行车新国标免驾照锂电电瓶车 | label:电动自行车 | Llabel:出行用品 | 商品分类:出行用品 | 商品价格:6848 | 店铺名称:摩兽旗舰店 | 所属地区名称:浙江 | ASR:握手电动车M03i 跨旗电动自行车新国标缅架找理电电评车。,1,142,392
394,/home/zhaoshuai/workspace/CommoditySemanticAlignmentDemo/datas/origin_datas/images_part/394.jpg,/home/zhaoshuai/workspace/CommoditySemanticAlignmentDemo/datas/origin_datas/audio_part/394.mp3,title:飞鸽电动自行车超轻便携小型代驾折叠电动车代步助力新国标电瓶车 | 商品名称:飞鸽电动自行车超轻便携小型代驾折叠电动车代步助力新国标电瓶车 | label:电动自行车 | Llabel:出行用品 | 商品分类:出行用品 | 商品价格:568 | 店铺名称:中国飞鸽工厂特卖店 | 所属地区名称:广东 | ASR:飞哥电动自行车超轻便写小型代价折叠电动车代步助理新国标电评车。,1,143,393
395,/home/zhaoshuai/workspace/CommoditySemanticAlignmentDemo/datas/origin_datas/images_part/395.jpg,/home/zhaoshuai/workspace/CommoditySemanticAlignmentDemo/datas/origin_datas/audio_part/395.mp3,title:领航者小牛折叠电动自行车超轻便携小型新国标电瓶车助力代驾车 | 商品名称:领航者小牛折叠电动自行车超轻便携小型新国标电瓶车助力代驾车 | label:电动自行车 | Llabel:出行用品 | 商品分类:出行用品 | 商品价格:659 | 店铺名称:领航者小牛电动车旗舰店 | 所属地区名称:广东 | ASR:令行者小牛折叠电动自行车超轻便鞋小型新国标电瓶车助理代价车。,1,144,394
396,/home/zhaoshuai/workspace/CommoditySemanticAlignmentDemo/datas/origin_datas/images_part/396.jpg,/home/zhaoshuai/workspace/CommoditySemanticAlignmentDemo/datas/origin_datas/audio_part/396.mp3,title:凤凰RX/s1｜Super73新国标锂电电动自行车复古越野小型雪地车 | 商品名称:凤凰RX/s1｜Super73新国标锂电电动自行车复古越野小型雪地车 | label:电动自行车 | Llabel:出行用品 | 商品分类:出行用品 | 商品价格:2349 | 店铺名称:凤凰电动车旗舰店 | 所属地区名称:上海 | ASR:奉皇RX邪港SE Super73新国标理电电动自行车复古越野孝星雪地车。,1,145,395
397,/home/zhaoshuai/workspace/CommoditySemanticAlignmentDemo/datas/origin_datas/images_part/397.jpg,/home/zhaoshuai/workspace/CommoditySemanticAlignmentDemo/datas/origin_datas/audio_part/397.mp3,title:凤凰电动车小型车男女成人新国标电动自行车迷你代步可上牌电瓶车 | 商品名称:凤凰电动车小型车男女成人新国标电动自行车迷你代步可上牌电瓶车 | label:电动自行车 | Llabel:出行用品 | 商品分类:出行用品 | 商品价格:670 | 店铺名称:凤凰嘉禾电动车直销店 | 所属地区名称:山东 | ASR:奉皇电动车小型车男女成人新国标电动自行车迷你代步可上排电评车。,1,146,396
398,/home/zhaoshuai/workspace/CommoditySemanticAlignmentDemo/datas/origin_datas/images_part/398.jpg,/home/zhaoshuai/workspace/CommoditySemanticAlignmentDemo/datas/origin_datas/audio_part/398.mp3,title:永久折叠电动自行车代驾电瓶车代步新国标超轻便携小型助力锂电池 | 商品名称:永久折叠电动自行车代驾电瓶车代步新国标超轻便携小型助力锂电池 | label:电动自行车 | Llabel:出行用品 | 商品分类:出行用品 | 商品价格:688 | 店铺名称:FOREVER永久优频专卖店 | 所属地区名称:广东 | ASR:永久折叠电动自行车代价电瓶车代步新国标超清辨谐小型助力力电池。,1,147,397
399,/home/zhaoshuai/workspace/CommoditySemanticAlignmentDemo/datas/origin_datas/images_part/399.jpg,/home/zhaoshuai/workspace/CommoditySemanticAlignmentDemo/datas/origin_datas/audio_part/399.mp3,title:永久锂电池助力山地车电动自行车男女学生双碟刹禧玛诺变速山地 | 商品名称:永久锂电池助力山地车电动自行车男女学生双碟刹禧玛诺变速山地 | label:电动自行车 | Llabel:出行用品 | 商品分类:出行用品 | 商品价格:1319 | 店铺名称:永久c运动旗舰店 | 所属地区名称:天津 | ASR:永久里电池助力山地车电动自行车男女学生双迭沙袭马沫变速山地。,1,148,398
400,/home/zhaoshuai/workspace/CommoditySemanticAlignmentDemo/datas/origin_datas/images_part/400.jpg,/home/zhaoshuai/workspace/CommoditySemanticAlignmentDemo/datas/origin_datas/audio_part/400.mp3,title:永久可拆电池电助力山地自行车锂电池男女通勤代步轻便助力车 | 商品名称:永久可拆电池电助力山地自行车锂电池男女通勤代步轻便助力车 | label:电动自行车 | Llabel:出行用品 | 商品分类:出行用品 | 商品价格:1549 | 店铺名称:永久电助力旗舰店 | 所属地区名称:天津 | ASR:永久可差电池电柱力山地自行车力电池男女通勤带步轻便驻力车。,1,149,399
401,/home/zhaoshuai/workspace/CommoditySemanticAlignmentDemo/datas/origin_datas/images_part/401.jpg,/home/zhaoshuai/workspace/CommoditySemanticAlignmentDemo/datas/origin_datas/audio_part/401.mp3,title:Lee健身包干湿分离男短途旅行包女大容量游泳手提行李包运动斜挎 | 商品名称:Lee健身包干湿分离男短途旅行包女大容量游泳手提行李包运动斜挎 | label:手提袋 | Llabel:出行用品 | 商品分类:出行用品 | 商品价格:168 | 店铺名称:Lee箱包奥莱旗舰店 | 所属地区名称:广东 | ASR:李健身包干尸分离难短图履行包女大容量游泳手提行李包运动协跨。,1,150,400
402,/home/zhaoshuai/workspace/CommoditySemanticAlignmentDemo/datas/origin_datas/images_part/402.jpg,/home/zhaoshuai/workspace/CommoditySemanticAlignmentDemo/datas/origin_datas/audio_part/402.mp3,title:超市买菜袋子牛津布购物袋逛街手提袋大容量单肩环保帆布便携 | 商品名称:超市买菜袋子牛津布购物袋逛街手提袋大容量单肩环保帆布便携 | label:手提袋 | Llabel:出行用品 | 商品分类:出行用品 | 商品价格:7.8 | 店铺名称:misslai旗舰店 | 所属地区名称:浙江 | ASR:超市买菜袋子牛筋布购物袋逛街手提袋大容量单煎环保翻步变血。,1,151,401
403,/home/zhaoshuai/workspace/CommoditySemanticAlignmentDemo/datas/origin_datas/images_part/403.jpg,/home/zhaoshuai/workspace/CommoditySemanticAlignmentDemo/datas/origin_datas/audio_part/403.mp3,title:韩国ins风小众潮牌男包皮质大包多功能单肩斜挎包潮手提包健身包 | 商品名称:韩国ins风小众潮牌男包皮质大包多功能单肩斜挎包潮手提包健身包 | label:手提袋 | Llabel:出行用品 | 商品分类:出行用品 | 商品价格:168 | 店铺名称:NESBIT官方店 | 所属地区名称:广东 | ASR:韩国用疯小众朝牌南包皮制大包多功能单坚协跨包朝手提包建身包。,1,152,402
404,/home/zhaoshuai/workspace/CommoditySemanticAlignmentDemo/datas/origin_datas/images_part/404.jpg,/home/zhaoshuai/workspace/CommoditySemanticAlignmentDemo/datas/origin_datas/audio_part/404.mp3,"title:麻布袋定制logo亚麻礼品袋时尚外出环保饭盒包棉麻帆布袋子 | 商品名称:麻布袋定制logo亚麻礼品袋时尚外出环保饭盒包棉麻帆布袋子 | label:手提袋 | Llabel:出行用品 | 商品分类:出行用品 | 商品价格:1.43 | 店铺名称:箐彦旗舰店 | 所属地区名称:浙江 | ASR:麻布袋定制,Logo要麻离品,戴时尚外出环保,放合包棉麻翻布袋子。",1,153,403
405,/home/zhaoshuai/workspace/CommoditySemanticAlignmentDemo/datas/origin_datas/images_part/405.jpg,/home/zhaoshuai/workspace/CommoditySemanticAlignmentDemo/datas/origin_datas/audio_part/405.mp3,title:麻布袋定制logo亚麻手提袋麻袋环保饭盒包帆布棉黄麻通勤礼品子 | 商品名称:麻布袋定制logo亚麻手提袋麻袋环保饭盒包帆布棉黄麻通勤礼品子 | label:手提袋 | Llabel:出行用品 | 商品分类:出行用品 | 商品价格:1.44 | 店铺名称:芳柔居家日用旗舰店 | 所属地区名称:浙江 | ASR:马布袋定制Logo 亚马手提袋马袋环保放合包翻部棉黄麻通勤离品子。,1,154,404
406,/home/zhaoshuai/workspace/CommoditySemanticAlignmentDemo/datas/origin_datas/images_part/406.jpg,/home/zhaoshuai/workspace/CommoditySemanticAlignmentDemo/datas/origin_datas/audio_part/406.mp3,title:外出旅游手提袋大容量饭盒袋补课包学生拎书会议帆布袋环保购物袋 | 商品名称:外出旅游手提袋大容量饭盒袋补课包学生拎书会议帆布袋环保购物袋 | label:手提袋 | Llabel:出行用品 | 商品分类:出行用品 | 商品价格:23.9 | 店铺名称:木草居 | 所属地区名称:山东 | ASR:外出旅游手提待大容量放核带补课包学生林书会议翻部带环保购物带。,1,155,405
407,/home/zhaoshuai/workspace/CommoditySemanticAlignmentDemo/datas/origin_datas/images_part/407.jpg,/home/zhaoshuai/workspace/CommoditySemanticAlignmentDemo/datas/origin_datas/audio_part/407.mp3,title:麻布袋定制logo时尚外出环保黄麻亚麻便当购物礼品袋帆布包手提 | 商品名称:麻布袋定制logo时尚外出环保黄麻亚麻便当购物礼品袋帆布包手提 | label:手提袋 | Llabel:出行用品 | 商品分类:出行用品 | 商品价格:2.76 | 店铺名称:益鸿麻布袋厂 | 所属地区名称:浙江 | ASR:马部代定制Logo时尚外出环保黄麻亚麻辩短购物离品贷翻部包手提。,1,156,406
408,/home/zhaoshuai/workspace/CommoditySemanticAlignmentDemo/datas/origin_datas/images_part/408.jpg,/home/zhaoshuai/workspace/CommoditySemanticAlignmentDemo/datas/origin_datas/audio_part/408.mp3,title:黑色大容量手提式帆布袋定制女上班通勤时尚新款帆布包环保高品质 | 商品名称:黑色大容量手提式帆布袋定制女上班通勤时尚新款帆布包环保高品质 | label:手提袋 | Llabel:出行用品 | 商品分类:出行用品 | 商品价格:2.03 | 店铺名称:依盈礼品旗舰店 | 所属地区名称:浙江 | ASR:黑色大容量手提式翻部代定制女上班通勤时尚新款翻部包环保高品质。,1,157,407
409,/home/zhaoshuai/workspace/CommoditySemanticAlignmentDemo/datas/origin_datas/images_part/409.jpg,/home/zhaoshuai/workspace/CommoditySemanticAlignmentDemo/datas/origin_datas/audio_part/409.mp3,title:手提袋定制logo时尚外出学生便当袋环保礼品袋麻布袋帆布饭盒包 | 商品名称:手提袋定制logo时尚外出学生便当袋环保礼品袋麻布袋帆布饭盒包 | label:手提袋 | Llabel:出行用品 | 商品分类:出行用品 | 商品价格:1.31 | 店铺名称:盈咖旗舰店 | 所属地区名称:浙江 | ASR:首帝代定制logo时尚外出学生便当带环保离品带麻布带翻步放合包。,1,158,408
410,/home/zhaoshuai/workspace/CommoditySemanticAlignmentDemo/datas/origin_datas/images_part/410.jpg,/home/zhaoshuai/workspace/CommoditySemanticAlignmentDemo/datas/origin_datas/audio_part/410.mp3,title:字母简约瑜伽运动帆布包女2025新款大容量手提袋andy布包包工厂店 | 商品名称:字母简约瑜伽运动帆布包女2025新款大容量手提袋andy布包包工厂店 | label:手提袋 | Llabel:出行用品 | 商品分类:出行用品 | 商品价格:12.7 | 店铺名称:Andy包包工厂店 | 所属地区名称:河南 | ASR:自母检约瑜伽运动翻捕包女2025新款大容量手提代ND部包包工厂店。,1,159,409
411,/home/zhaoshuai/workspace/CommoditySemanticAlignmentDemo/datas/origin_datas/images_part/411.jpg,/home/zhaoshuai/workspace/CommoditySemanticAlignmentDemo/datas/origin_datas/audio_part/411.mp3,title:旅行包女大容量手提行李袋出游包衣物收纳大包男登机包短途待产包 | 商品名称:旅行包女大容量手提行李袋出游包衣物收纳大包男登机包短途待产包 | label:手提袋 | Llabel:出行用品 | 商品分类:出行用品 | 商品价格:37.9 | 店铺名称:耶牧箱包旗舰店 | 所属地区名称:湖南 | ASR:旅行包女大容量手提行李代出油包衣物收纳大包南登基包短图带产包。,1,160,410
412,/home/zhaoshuai/workspace/CommoditySemanticAlignmentDemo/datas/origin_datas/images_part/412.jpg,/home/zhaoshuai/workspace/CommoditySemanticAlignmentDemo/datas/origin_datas/audio_part/412.mp3,title:汉客可折叠旅行包女大容量出差行李袋手提短途登机旅游健身收纳袋 | 商品名称:汉客可折叠旅行包女大容量出差行李袋手提短途登机旅游健身收纳袋 | label:手提袋 | Llabel:出行用品 | 商品分类:出行用品 | 商品价格:127 | 店铺名称:汉客旗舰店 | 所属地区名称:湖南 | ASR:汉克可折叠旅行包女大容量出差行李带手提短途登基旅游健身收纳带。,1,161,411
413,/home/zhaoshuai/workspace/CommoditySemanticAlignmentDemo/datas/origin_datas/images_part/413.jpg,/home/zhaoshuai/workspace/CommoditySemanticAlignmentDemo/datas/origin_datas/audio_part/413.mp3,title:编织袋手提袋显眼包环保袋蛇皮袋展会广告超大号可定制logo宣传 | 商品名称:编织袋手提袋显眼包环保袋蛇皮袋展会广告超大号可定制logo宣传 | label:手提袋 | Llabel:出行用品 | 商品分类:出行用品 | 商品价格:1.4 | 店铺名称:美悦力旗舰店 | 所属地区名称:浙江 | ASR:编织戴手提带闲眼包环保戴蛇皮带展会广告超大号肯定指Logo宣传。,1,162,412
414,/home/zhaoshuai/workspace/CommoditySemanticAlignmentDemo/datas/origin_datas/images_part/414.jpg,/home/zhaoshuai/workspace/CommoditySemanticAlignmentDemo/datas/origin_datas/audio_part/414.mp3,title:麻布袋定制logo亚麻黄麻棉麻环保购物礼品袋子便当袋帆布包 | 商品名称:麻布袋定制logo亚麻黄麻棉麻环保购物礼品袋子便当袋帆布包 | label:手提袋 | Llabel:出行用品 | 商品分类:出行用品 | 商品价格:2.25 | 店铺名称:盈咖旗舰店 | 所属地区名称:浙江 | ASR:麻布带定制Logo 亚麻黄麻棉麻环保购物离品带子便当带翻步包。,1,163,413
415,/home/zhaoshuai/workspace/CommoditySemanticAlignmentDemo/datas/origin_datas/images_part/415.jpg,/home/zhaoshuai/workspace/CommoditySemanticAlignmentDemo/datas/origin_datas/audio_part/415.mp3,title:黑色高级感礼品袋手提袋男生日礼物袋包装袋子小大号纸袋伴手礼 | 商品名称:黑色高级感礼品袋手提袋男生日礼物袋包装袋子小大号纸袋伴手礼 | label:手提袋 | Llabel:出行用品 | 商品分类:出行用品 | 商品价格:5.78 | 店铺名称:欧彩弘拓旗舰店 | 所属地区名称:广东 | ASR:黑色高级感离品戴手提带男生日理物带包装戴子小大号指带半手里。,1,164,414
416,/home/zhaoshuai/workspace/CommoditySemanticAlignmentDemo/datas/origin_datas/images_part/416.jpg,/home/zhaoshuai/workspace/CommoditySemanticAlignmentDemo/datas/origin_datas/audio_part/416.mp3,title:揉纹水洗杜邦纸袋定制牛皮纸色环保购物手提袋订做可印刷logo图案 | 商品名称:揉纹水洗杜邦纸袋定制牛皮纸色环保购物手提袋订做可印刷logo图案 | label:手提袋 | Llabel:出行用品 | 商品分类:出行用品 | 商品价格:18 | 店铺名称:卡菲工艺北京站 | 所属地区名称:浙江 | ASR:油纹水洗肚帮指带定制牛皮纸色环保购物手提带定座可印刷logo图案。,1,165,415
417,/home/zhaoshuai/workspace/CommoditySemanticAlignmentDemo/datas/origin_datas/images_part/417.jpg,/home/zhaoshuai/workspace/CommoditySemanticAlignmentDemo/datas/origin_datas/audio_part/417.mp3,title:无腰线手提袋可印logo服装店纸袋化妆品礼物袋购物袋礼品袋印刷 | 商品名称:无腰线手提袋可印logo服装店纸袋化妆品礼物袋购物袋礼品袋印刷 | label:手提袋 | Llabel:出行用品 | 商品分类:出行用品 | 商品价格:2.24 | 店铺名称:娜公子studio | 所属地区名称:浙江 | ASR:胡耀线手提带可硬logo服装电纸带化装品礼物带购物带礼品带印刷。,1,166,416
418,/home/zhaoshuai/workspace/CommoditySemanticAlignmentDemo/datas/origin_datas/images_part/418.jpg,/home/zhaoshuai/workspace/CommoditySemanticAlignmentDemo/datas/origin_datas/audio_part/418.mp3,title:国风帆布袋定制环保袋大容量手提袋上班通勤包礼品袋购物帆布包 | 商品名称:国风帆布袋定制环保袋大容量手提袋上班通勤包礼品袋购物帆布包 | label:手提袋 | Llabel:出行用品 | 商品分类:出行用品 | 商品价格:4.5 | 店铺名称:古蒂迪卡旗舰店 | 所属地区名称:浙江 | ASR:国风翻部代定制环保代大容量手提带上班通勤包离品代购物翻部包,1,167,417
419,/home/zhaoshuai/workspace/CommoditySemanticAlignmentDemo/datas/origin_datas/images_part/419.jpg,/home/zhaoshuai/workspace/CommoditySemanticAlignmentDemo/datas/origin_datas/audio_part/419.mp3,title:HLA/海澜之家短途旅行包女轻便大容量出差手提旅游包行李男健身 | 商品名称:HLA/海澜之家短途旅行包女轻便大容量出差手提旅游包行李男健身 | label:手提袋 | Llabel:出行用品 | 商品分类:出行用品 | 商品价格:139 | 店铺名称:海澜之家箱包旗舰店 | 所属地区名称:浙江 | ASR:HLA海兰之家短途旅行包女清便大容量出拆手提旅油包行李南健身。,1,168,418
420,/home/zhaoshuai/workspace/CommoditySemanticAlignmentDemo/datas/origin_datas/images_part/420.jpg,/home/zhaoshuai/workspace/CommoditySemanticAlignmentDemo/datas/origin_datas/audio_part/420.mp3,title:无纺布手提袋定制帆布折叠环保袋定做印logo广告布袋购物宣传袋子 | 商品名称:无纺布手提袋定制帆布折叠环保袋定做印logo广告布袋购物宣传袋子 | label:手提袋 | Llabel:出行用品 | 商品分类:出行用品 | 商品价格:100 | 店铺名称:森淼制袋厂 | 所属地区名称:浙江 | ASR:湖房不守提待定制翻部折叠环保代订错印logo广告部代购物宣传袋子。,1,169,419
421,/home/zhaoshuai/workspace/CommoditySemanticAlignmentDemo/datas/origin_datas/images_part/421.jpg,/home/zhaoshuai/workspace/CommoditySemanticAlignmentDemo/datas/origin_datas/audio_part/421.mp3,title:韩国ins风小众潮牌男包皮质大包多功能单肩斜挎包潮手提包健身包 | 商品名称:韩国ins风小众潮牌男包皮质大包多功能单肩斜挎包潮手提包健身包 | label:手提袋 | Llabel:出行用品 | 商品分类:出行用品 | 商品价格:168 | 店铺名称:NESBIT官方店 | 所属地区名称:广东 | ASR:韩国用疯小众朝牌南包皮制大包多功能单坚协跨包朝手提包建身包。,1,170,420
422,/home/zhaoshuai/workspace/CommoditySemanticAlignmentDemo/datas/origin_datas/images_part/422.jpg,/home/zhaoshuai/workspace/CommoditySemanticAlignmentDemo/datas/origin_datas/audio_part/422.mp3,title:汉客可折叠旅行包女大容量出差行李袋手提短途登机旅游健身收纳袋 | 商品名称:汉客可折叠旅行包女大容量出差行李袋手提短途登机旅游健身收纳袋 | label:手提袋 | Llabel:出行用品 | 商品分类:出行用品 | 商品价格:127 | 店铺名称:汉客旗舰店 | 所属地区名称:湖南 | ASR:汉克可折叠旅行包女大容量出差行李带手提短途登基旅游健身收纳带。,1,171,421
423,/home/zhaoshuai/workspace/CommoditySemanticAlignmentDemo/datas/origin_datas/images_part/423.jpg,/home/zhaoshuai/workspace/CommoditySemanticAlignmentDemo/datas/origin_datas/audio_part/423.mp3,"title:TAICHIISM“冰纹”手拎挎包两用搭扣vibe皮质cleanfit通勤托特包 | 商品名称:TAICHIISM“冰纹”手拎挎包两用搭扣vibe皮质cleanfit通勤托特包 | label:手提袋 | Llabel:出行用品 | 商品分类:出行用品 | 商品价格:278 | 店铺名称:TAICHIISM | 所属地区名称:浙江 | ASR:Tay-Key is a big-worn手臂跨包,两用大扣,YP指Clean Fit,通勤脱特包。",1,172,422
424,/home/zhaoshuai/workspace/CommoditySemanticAlignmentDemo/datas/origin_datas/images_part/424.jpg,/home/zhaoshuai/workspace/CommoditySemanticAlignmentDemo/datas/origin_datas/audio_part/424.mp3,title:Lee运动健身包干湿分离男短途旅行包女斜挎包游泳包大容量包 | 商品名称:Lee运动健身包干湿分离男短途旅行包女斜挎包游泳包大容量包 | label:手提袋 | Llabel:出行用品 | 商品分类:出行用品 | 商品价格:168 | 店铺名称:Lee箱包奥莱旗舰店 | 所属地区名称:广东 | ASR:林运动健身包干尸分离难短屠旅行包女协跨包游泳包大容量包。,1,173,423
425,/home/zhaoshuai/workspace/CommoditySemanticAlignmentDemo/datas/origin_datas/images_part/425.jpg,/home/zhaoshuai/workspace/CommoditySemanticAlignmentDemo/datas/origin_datas/audio_part/425.mp3,title:牛津布搬家打包袋加厚编织袋手提大容量环保购物袋妈咪包健身包 | 商品名称:牛津布搬家打包袋加厚编织袋手提大容量环保购物袋妈咪包健身包 | label:手提袋 | Llabel:出行用品 | 商品分类:出行用品 | 商品价格:10.1 | 店铺名称:懒猫同学 | 所属地区名称:江苏 | ASR:牛筋补半家打包代价后编织代手提大容量环保购物代妈咪包建身包。,1,174,424
426,/home/zhaoshuai/workspace/CommoditySemanticAlignmentDemo/datas/origin_datas/images_part/426.jpg,/home/zhaoshuai/workspace/CommoditySemanticAlignmentDemo/datas/origin_datas/audio_part/426.mp3,title:Mrace大容量短途旅行包女可折叠出差行李袋轻便扩容斜挎手提包男 | 商品名称:Mrace大容量短途旅行包女可折叠出差行李袋轻便扩容斜挎手提包男 | label:手提袋 | Llabel:出行用品 | 商品分类:出行用品 | 商品价格:186 | 店铺名称:mracehomme旗舰店 | 所属地区名称:广东 | ASR:Race大容量短途旅行包女可折叠出差行李带轻便 破容鞋跨手提包囊。,1,175,425
427,/home/zhaoshuai/workspace/CommoditySemanticAlignmentDemo/datas/origin_datas/images_part/427.jpg,/home/zhaoshuai/workspace/CommoditySemanticAlignmentDemo/datas/origin_datas/audio_part/427.mp3,title:手提包帆布男2025新款原创图案定制大容量单肩斜挎男女情侣款托特 | 商品名称:手提包帆布男2025新款原创图案定制大容量单肩斜挎男女情侣款托特 | label:手提袋 | Llabel:出行用品 | 商品分类:出行用品 | 商品价格:34 | 店铺名称:港风文艺包袋 | 所属地区名称:河北 | ASR:首题包翻不难 2025 新款原床图案定制大容量单间协跨男女情侣款脱特。,1,176,426
428,/home/zhaoshuai/workspace/CommoditySemanticAlignmentDemo/datas/origin_datas/images_part/428.jpg,/home/zhaoshuai/workspace/CommoditySemanticAlignmentDemo/datas/origin_datas/audio_part/428.mp3,title:大容量折叠超市购物袋便携式环保手提袋防水时尚买菜包旅行收纳 | 商品名称:大容量折叠超市购物袋便携式环保手提袋防水时尚买菜包旅行收纳 | label:手提袋 | Llabel:出行用品 | 商品分类:出行用品 | 商品价格:7.82 | 店铺名称:爱生活环保家居店 | 所属地区名称:广东 | ASR:大容量折叠超市购物带辨邪士环保手提带防水时上买菜包旅行收纳。,1,177,427
429,/home/zhaoshuai/workspace/CommoditySemanticAlignmentDemo/datas/origin_datas/images_part/429.jpg,/home/zhaoshuai/workspace/CommoditySemanticAlignmentDemo/datas/origin_datas/audio_part/429.mp3,title:杜邦纸袋定制印logo复古手提袋可水洗托特纸包帆布内衬广告环保袋 | 商品名称:杜邦纸袋定制印logo复古手提袋可水洗托特纸包帆布内衬广告环保袋 | label:手提袋 | Llabel:出行用品 | 商品分类:出行用品 | 商品价格:10 | 店铺名称:温州琬悦包装 | 所属地区名称:浙江 | ASR:杜邦指带定之印logo副股首提带可水洗脱特指包翻部内趁广告环保带。,1,178,428
430,/home/zhaoshuai/workspace/CommoditySemanticAlignmentDemo/datas/origin_datas/images_part/430.jpg,/home/zhaoshuai/workspace/CommoditySemanticAlignmentDemo/datas/origin_datas/audio_part/430.mp3,title:山系攀岩绳户外防水尼龙包包男女通用手拎单肩包大容量通勤托特包 | 商品名称:山系攀岩绳户外防水尼龙包包男女通用手拎单肩包大容量通勤托特包 | label:手提袋 | Llabel:出行用品 | 商品分类:出行用品 | 商品价格:30.88 | 店铺名称:MS爱学习 | 所属地区名称:河北 | ASR:山系攀岩神户外防水泥龙包包男女通用手臂单肩包大容量通勤脱特包。,1,179,429
431,/home/zhaoshuai/workspace/CommoditySemanticAlignmentDemo/datas/origin_datas/images_part/431.jpg,/home/zhaoshuai/workspace/CommoditySemanticAlignmentDemo/datas/origin_datas/audio_part/431.mp3,"title:【三环路豹老板系列】重复利用礼物包袋环保编织袋单肩包手提袋潮 | 商品名称:【三环路豹老板系列】重复利用礼物包袋环保编织袋单肩包手提袋潮 | label:手提袋 | Llabel:出行用品 | 商品分类:出行用品 | 商品价格:16.9 | 店铺名称:三环路 | 所属地区名称:河南 | ASR:三环路报老板系列,重复利用礼物包袋环保编织带担监包手提袋朝。",1,180,430
432,/home/zhaoshuai/workspace/CommoditySemanticAlignmentDemo/datas/origin_datas/images_part/432.jpg,/home/zhaoshuai/workspace/CommoditySemanticAlignmentDemo/datas/origin_datas/audio_part/432.mp3,title:杜邦纸袋定制印logo加急帆布内衬托特包定做广告购物牛皮纸环保袋 | 商品名称:杜邦纸袋定制印logo加急帆布内衬托特包定做广告购物牛皮纸环保袋 | label:手提袋 | Llabel:出行用品 | 商品分类:出行用品 | 商品价格:100 | 店铺名称:鼎瑞制袋厂 | 所属地区名称:浙江 | ASR:杜邦指带定制印logo加级翻步内趁托特包定做广告购物牛皮纸环保带。,1,181,431
433,/home/zhaoshuai/workspace/CommoditySemanticAlignmentDemo/datas/origin_datas/images_part/433.jpg,/home/zhaoshuai/workspace/CommoditySemanticAlignmentDemo/datas/origin_datas/audio_part/433.mp3,title:旅行包大容量可扩展套拉杆箱手提包出差便携收纳包短途便携行李 | 商品名称:旅行包大容量可扩展套拉杆箱手提包出差便携收纳包短途便携行李 | label:手提袋 | Llabel:出行用品 | 商品分类:出行用品 | 商品价格:12.58 | 店铺名称:海润家居专营店 | 所属地区名称:浙江 | ASR:旅行包大容量可扩展套拉杆箱手提包出拆辨鞋收纳包短图辨鞋行李。,1,182,432
434,/home/zhaoshuai/workspace/CommoditySemanticAlignmentDemo/datas/origin_datas/images_part/434.jpg,/home/zhaoshuai/workspace/CommoditySemanticAlignmentDemo/datas/origin_datas/audio_part/434.mp3,title:2025新款美式工装复古通勤大包可斜挎帆布手提包美拉德色系托特包 | 商品名称:2025新款美式工装复古通勤大包可斜挎帆布手提包美拉德色系托特包 | label:手提袋 | Llabel:出行用品 | 商品分类:出行用品 | 商品价格:57.8 | 店铺名称:不会说谎的恰恰 | 所属地区名称:浙江 | ASR:2025新款美式工装复古通勤大包可协跨翻部手提包美拉德色细脱特包。,1,183,433
435,/home/zhaoshuai/workspace/CommoditySemanticAlignmentDemo/datas/origin_datas/images_part/435.jpg,/home/zhaoshuai/workspace/CommoditySemanticAlignmentDemo/datas/origin_datas/audio_part/435.mp3,title:揉纹水洗杜邦纸袋定制牛皮纸色环保购物手提袋订做可印刷logo图案 | 商品名称:揉纹水洗杜邦纸袋定制牛皮纸色环保购物手提袋订做可印刷logo图案 | label:手提袋 | Llabel:出行用品 | 商品分类:出行用品 | 商品价格:18 | 店铺名称:卡菲工艺北京站 | 所属地区名称:浙江 | ASR:油纹水洗肚帮指带定制牛皮纸色环保购物手提带定座可印刷logo图案。,1,184,434
436,/home/zhaoshuai/workspace/CommoditySemanticAlignmentDemo/datas/origin_datas/images_part/436.jpg,/home/zhaoshuai/workspace/CommoditySemanticAlignmentDemo/datas/origin_datas/audio_part/436.mp3,title:高端企业会议帆布托特包定制来图定做可加图案logo加厚手提袋设计 | 商品名称:高端企业会议帆布托特包定制来图定做可加图案logo加厚手提袋设计 | label:手提袋 | Llabel:出行用品 | 商品分类:出行用品 | 商品价格:8.5 | 店铺名称:至臻制袋 | 所属地区名称:浙江 | ASR:高端企业会议翻步脱特包订制来图定做可加图案、logo加后手提待设计。,1,185,435
437,/home/zhaoshuai/workspace/CommoditySemanticAlignmentDemo/datas/origin_datas/images_part/437.jpg,/home/zhaoshuai/workspace/CommoditySemanticAlignmentDemo/datas/origin_datas/audio_part/437.mp3,title:帆布斜挎包男款手提包通勤包男大学生上课包男士单肩包大容量背包 | 商品名称:帆布斜挎包男款手提包通勤包男大学生上课包男士单肩包大容量背包 | label:手提袋 | Llabel:出行用品 | 商品分类:出行用品 | 商品价格:39.9 | 店铺名称:SuNMan超人 STUDIO | 所属地区名称:河北 | ASR:翻捕些跨包南款手提包通勤包南大学生上课包南式单间包大容量背包。,1,186,436
438,/home/zhaoshuai/workspace/CommoditySemanticAlignmentDemo/datas/origin_datas/images_part/438.jpg,/home/zhaoshuai/workspace/CommoditySemanticAlignmentDemo/datas/origin_datas/audio_part/438.mp3,title:帆布袋定制logo手提棉布袋单肩背包环保帆布包定做diy空白购物袋 | 商品名称:帆布袋定制logo手提棉布袋单肩背包环保帆布包定做diy空白购物袋 | label:手提袋 | Llabel:出行用品 | 商品分类:出行用品 | 商品价格:1.5 | 店铺名称:上官小姐の制袋厂 | 所属地区名称:浙江 | ASR:翻部代定指Logo手提绵部代单监被包环保翻部包定座DIY空白购物代。,1,187,437
439,/home/zhaoshuai/workspace/CommoditySemanticAlignmentDemo/datas/origin_datas/images_part/439.jpg,/home/zhaoshuai/workspace/CommoditySemanticAlignmentDemo/datas/origin_datas/audio_part/439.mp3,title:无纺布手提袋定制帆布折叠环保袋定做印logo广告布袋购物宣传袋子 | 商品名称:无纺布手提袋定制帆布折叠环保袋定做印logo广告布袋购物宣传袋子 | label:手提袋 | Llabel:出行用品 | 商品分类:出行用品 | 商品价格:100 | 店铺名称:森淼制袋厂 | 所属地区名称:浙江 | ASR:湖房不守提待定制翻部折叠环保代订错印logo广告部代购物宣传袋子。,1,188,438
440,/home/zhaoshuai/workspace/CommoditySemanticAlignmentDemo/datas/origin_datas/images_part/440.jpg,/home/zhaoshuai/workspace/CommoditySemanticAlignmentDemo/datas/origin_datas/audio_part/440.mp3,title:大容量帆布购物袋加厚手提宽底便携折叠防水袋子环保方形收纳包男 | 商品名称:大容量帆布购物袋加厚手提宽底便携折叠防水袋子环保方形收纳包男 | label:手提袋 | Llabel:出行用品 | 商品分类:出行用品 | 商品价格:32.9 | 店铺名称:悠悦家居 | 所属地区名称:广东 | ASR:大容量翻步购物带加厚手提宽底变鞋折叠防水袋子环保方形收纳包囊。,1,189,439
441,/home/zhaoshuai/workspace/CommoditySemanticAlignmentDemo/datas/origin_datas/images_part/441.jpg,/home/zhaoshuai/workspace/CommoditySemanticAlignmentDemo/datas/origin_datas/audio_part/441.mp3,title:一嘉潮牌毛毡包手提袋伴手礼大容量托特手拎包礼品购物袋定制log | 商品名称:一嘉潮牌毛毡包手提袋伴手礼大容量托特手拎包礼品购物袋定制log | label:手提袋 | Llabel:出行用品 | 商品分类:出行用品 | 商品价格:13 | 店铺名称:一嘉潮牌 | 所属地区名称:河北 | ASR:一家朝牌毛占包手提带半手里大容量脱特手拎包里品购物带定之lock。,1,190,440
442,/home/zhaoshuai/workspace/CommoditySemanticAlignmentDemo/datas/origin_datas/images_part/442.jpg,/home/zhaoshuai/workspace/CommoditySemanticAlignmentDemo/datas/origin_datas/audio_part/442.mp3,title:咖啡色服装店无纺布包装袋衣服打包袋子礼品购物手提袋定制LOGO | 商品名称:咖啡色服装店无纺布包装袋衣服打包袋子礼品购物手提袋定制LOGO | label:手提袋 | Llabel:出行用品 | 商品分类:出行用品 | 商品价格:8.08 | 店铺名称:帛礼 BOLI | 所属地区名称:浙江 | ASR:咖啡色服装店 无房部 包装戴衣服打包 戴子离品 购物手提带 定制logo,1,191,441
443,/home/zhaoshuai/workspace/CommoditySemanticAlignmentDemo/datas/origin_datas/images_part/443.jpg,/home/zhaoshuai/workspace/CommoditySemanticAlignmentDemo/datas/origin_datas/audio_part/443.mp3,title:贰狸手作复古帆布包男女生单肩斜挎多背法包大容量休闲通勤手提包 | 商品名称:贰狸手作复古帆布包男女生单肩斜挎多背法包大容量休闲通勤手提包 | label:手提袋 | Llabel:出行用品 | 商品分类:出行用品 | 商品价格:76.3 | 店铺名称:贰狸 | 所属地区名称:浙江 | ASR:二离手做复古翻步包男女生单尖协跨多卑法包大容量修嫌通勤手提包。,1,192,442
444,/home/zhaoshuai/workspace/CommoditySemanticAlignmentDemo/datas/origin_datas/images_part/444.jpg,/home/zhaoshuai/workspace/CommoditySemanticAlignmentDemo/datas/origin_datas/audio_part/444.mp3,title:MYEDITION斜挎包原创简约通勤多用充棉电脑托特包商务单肩手提包 | 商品名称:MYEDITION斜挎包原创简约通勤多用充棉电脑托特包商务单肩手提包 | label:手提袋 | Llabel:出行用品 | 商品分类:出行用品 | 商品价格:228 | 店铺名称:myedition旗舰店 | 所属地区名称:广东 | ASR:MyD省鞋跨包原创剪约通勤多用充棉电脑托特包商物单间手提包。,1,193,443
445,/home/zhaoshuai/workspace/CommoditySemanticAlignmentDemo/datas/origin_datas/images_part/445.jpg,/home/zhaoshuai/workspace/CommoditySemanticAlignmentDemo/datas/origin_datas/audio_part/445.mp3,title:汉客可折叠旅行包女大容量出差行李袋手提短途登机旅游健身收纳袋 | 商品名称:汉客可折叠旅行包女大容量出差行李袋手提短途登机旅游健身收纳袋 | label:手提袋 | Llabel:出行用品 | 商品分类:出行用品 | 商品价格:127 | 店铺名称:汉客旗舰店 | 所属地区名称:湖南 | ASR:汉克可折叠旅行包女大容量出差行李带手提短途登基旅游健身收纳带。,1,194,444
446,/home/zhaoshuai/workspace/CommoditySemanticAlignmentDemo/datas/origin_datas/images_part/446.jpg,/home/zhaoshuai/workspace/CommoditySemanticAlignmentDemo/datas/origin_datas/audio_part/446.mp3,title:咖啡色服装店无纺布包装袋衣服打包袋子礼品购物手提袋定制LOGO | 商品名称:咖啡色服装店无纺布包装袋衣服打包袋子礼品购物手提袋定制LOGO | label:手提袋 | Llabel:出行用品 | 商品分类:出行用品 | 商品价格:8.08 | 店铺名称:帛礼 BOLI | 所属地区名称:浙江 | ASR:咖啡色服装店 无房部 包装戴衣服打包 戴子离品 购物手提带 定制logo,1,195,445
447,/home/zhaoshuai/workspace/CommoditySemanticAlignmentDemo/datas/origin_datas/images_part/447.jpg,/home/zhaoshuai/workspace/CommoditySemanticAlignmentDemo/datas/origin_datas/audio_part/447.mp3,title:帆布斜挎包男女手提包通勤包男大学生上课包男士单肩包大容量背包 | 商品名称:帆布斜挎包男女手提包通勤包男大学生上课包男士单肩包大容量背包 | label:手提袋 | Llabel:出行用品 | 商品分类:出行用品 | 商品价格:10.8 | 店铺名称:日暮出逃 | 所属地区名称:河北 | ASR:翻捕邪跨包男女手踢包通勤包男大学生上课包男士单煎包大容量背包。,1,196,446
448,/home/zhaoshuai/workspace/CommoditySemanticAlignmentDemo/datas/origin_datas/images_part/448.jpg,/home/zhaoshuai/workspace/CommoditySemanticAlignmentDemo/datas/origin_datas/audio_part/448.mp3,title:Lee旅行包女大容量干湿分离运动游泳健身包男斜挎包手提包行李袋 | 商品名称:Lee旅行包女大容量干湿分离运动游泳健身包男斜挎包手提包行李袋 | label:手提袋 | Llabel:出行用品 | 商品分类:出行用品 | 商品价格:229 | 店铺名称:Lee箱包奥莱旗舰店 | 所属地区名称:广东 | ASR:李律行包女大容量甘师分离运动由泳健身包男协跨包手提包行李带。,1,197,447
449,/home/zhaoshuai/workspace/CommoditySemanticAlignmentDemo/datas/origin_datas/images_part/449.jpg,/home/zhaoshuai/workspace/CommoditySemanticAlignmentDemo/datas/origin_datas/audio_part/449.mp3,title:帆布袋定制空白棉布袋环保购物袋子广告宣传袋手提书袋帆布包定做 | 商品名称:帆布袋定制空白棉布袋环保购物袋子广告宣传袋手提书袋帆布包定做 | label:手提袋 | Llabel:出行用品 | 商品分类:出行用品 | 商品价格:1.45 | 店铺名称:三禾制袋 | 所属地区名称:浙江 | ASR:翻捕代定制控白棉部代环保购物代资广告宣传代首提书代翻捕包订做。,1,198,448
450,/home/zhaoshuai/workspace/CommoditySemanticAlignmentDemo/datas/origin_datas/images_part/450.jpg,/home/zhaoshuai/workspace/CommoditySemanticAlignmentDemo/datas/origin_datas/audio_part/450.mp3,title:文艺简约防水小众日系百搭文件袋可水洗牛皮纸女包手提包手提袋 | 商品名称:文艺简约防水小众日系百搭文件袋可水洗牛皮纸女包手提包手提袋 | label:手提袋 | Llabel:出行用品 | 商品分类:出行用品 | 商品价格:54.9 | 店铺名称:江小吾 | 所属地区名称:广东 | ASR:魂异减约防水小重日系百搭文件代可水洗牛皮纸女包手提包手提袋。,1,199,449
451,/home/zhaoshuai/workspace/CommoditySemanticAlignmentDemo/datas/origin_datas/images_part/451.jpg,/home/zhaoshuai/workspace/CommoditySemanticAlignmentDemo/datas/origin_datas/audio_part/451.mp3,title:可爱卡通生日礼物包装礼品袋新款手提ins白卡纸袋耐用收纳购物 | 商品名称:可爱卡通生日礼物包装礼品袋新款手提ins白卡纸袋耐用收纳购物 | label:手提袋 | Llabel:出行用品 | 商品分类:出行用品 | 商品价格:2.01 | 店铺名称:拎得出手礼品包装 | 所属地区名称:陕西 | ASR:可爱卡通生日礼物包装礼品带新款手T-N's白卡纸袋耐用收那购物。,1,200,450
452,/home/zhaoshuai/workspace/CommoditySemanticAlignmentDemo/datas/origin_datas/images_part/452.jpg,/home/zhaoshuai/workspace/CommoditySemanticAlignmentDemo/datas/origin_datas/audio_part/452.mp3,title:加厚按扣无纺布手提袋定制logo袋子大容量环保女装店服装店手拎袋 | 商品名称:加厚按扣无纺布手提袋定制logo袋子大容量环保女装店服装店手拎袋 | label:手提袋 | Llabel:出行用品 | 商品分类:出行用品 | 商品价格:7.08 | 店铺名称:NEW潮包装定制 | 所属地区名称:山西 | ASR:加后按扣无房不守提带定制logo带子大容量环保女装电服装电手拎带。,1,201,451
453,/home/zhaoshuai/workspace/CommoditySemanticAlignmentDemo/datas/origin_datas/images_part/453.jpg,/home/zhaoshuai/workspace/CommoditySemanticAlignmentDemo/datas/origin_datas/audio_part/453.mp3,title:短途旅行包女轻便行李包袋2025新款出差大容量手提包出行健身包包 | 商品名称:短途旅行包女轻便行李包袋2025新款出差大容量手提包出行健身包包 | label:手提袋 | Llabel:出行用品 | 商品分类:出行用品 | 商品价格:79.9 | 店铺名称:jinshiwq旗舰店 | 所属地区名称:河北 | ASR:短途旅行包女清便行李包带2025新款出差大容量手提包出行健身包包。,1,202,452
454,/home/zhaoshuai/workspace/CommoditySemanticAlignmentDemo/datas/origin_datas/images_part/454.jpg,/home/zhaoshuai/workspace/CommoditySemanticAlignmentDemo/datas/origin_datas/audio_part/454.mp3,title:出行旅行包旅行登机包行李箱套杆包男士短途旅行包男士外出旅游包 | 商品名称:出行旅行包旅行登机包行李箱套杆包男士短途旅行包男士外出旅游包 | label:手提袋 | Llabel:出行用品 | 商品分类:出行用品 | 商品价格:30.6 | 店铺名称:牧一箱包 | 所属地区名称:山东 | ASR:出行旅行包旅行登记包行李箱套感包男士短途旅行包男士外出旅游包。,1,203,453
455,/home/zhaoshuai/workspace/CommoditySemanticAlignmentDemo/datas/origin_datas/images_part/455.jpg,/home/zhaoshuai/workspace/CommoditySemanticAlignmentDemo/datas/origin_datas/audio_part/455.mp3,title:加厚牛皮纸袋定做纸质手提购物服装店包装袋子礼品袋定制印刷LOGO | 商品名称:加厚牛皮纸袋定做纸质手提购物服装店包装袋子礼品袋定制印刷LOGO | label:手提袋 | Llabel:出行用品 | 商品分类:出行用品 | 商品价格:0.75 | 店铺名称:温州尚淘包装 | 所属地区名称:浙江 | ASR:加后牛皮纸袋定做只制手提购物服装店包装带子里品袋定制印刷logo。,1,204,454
456,/home/zhaoshuai/workspace/CommoditySemanticAlignmentDemo/datas/origin_datas/images_part/456.jpg,/home/zhaoshuai/workspace/CommoditySemanticAlignmentDemo/datas/origin_datas/audio_part/456.mp3,title:可折叠大容量旅行包女手提轻便短途可扩容出差登机旅游健身包行李 | 商品名称:可折叠大容量旅行包女手提轻便短途可扩容出差登机旅游健身包行李 | label:手提袋 | Llabel:出行用品 | 商品分类:出行用品 | 商品价格:131 | 店铺名称:lovetour旗舰店 | 所属地区名称:浙江 | ASR:可折叠大容量旅行包女手提侵便短途可扩容出差登基旅游健身包行里。,1,205,455
457,/home/zhaoshuai/workspace/CommoditySemanticAlignmentDemo/datas/origin_datas/images_part/457.jpg,/home/zhaoshuai/workspace/CommoditySemanticAlignmentDemo/datas/origin_datas/audio_part/457.mp3,title:帆布袋定制飘带帆布包定做空白棉布加厚购物袋环保袋印logo广告 | 商品名称:帆布袋定制飘带帆布包定做空白棉布加厚购物袋环保袋印logo广告 | label:手提袋 | Llabel:出行用品 | 商品分类:出行用品 | 商品价格:1.57 | 店铺名称:万帆制袋 | 所属地区名称:浙江 | ASR:翻谱代定指漂代翻谱包定做空白棉部加后购物代环保代印logo广告。,1,206,456
458,/home/zhaoshuai/workspace/CommoditySemanticAlignmentDemo/datas/origin_datas/images_part/458.jpg,/home/zhaoshuai/workspace/CommoditySemanticAlignmentDemo/datas/origin_datas/audio_part/458.mp3,title:2025年新款简约小字母休闲百搭帆布包包男女通用中学生上课 | 商品名称:2025年新款简约小字母休闲百搭帆布包包男女通用中学生上课 | label:手提袋 | Llabel:出行用品 | 商品分类:出行用品 | 商品价格:8.04 | 店铺名称:零街小站旗舰店 | 所属地区名称:河北 | ASR:2015年新款建约小字母修嫌百搭翻步包包男女通用中学生上课,1,207,457
459,/home/zhaoshuai/workspace/CommoditySemanticAlignmentDemo/datas/origin_datas/images_part/459.jpg,/home/zhaoshuai/workspace/CommoditySemanticAlignmentDemo/datas/origin_datas/audio_part/459.mp3,title:汉客可折叠旅行包女大容量出差行李袋手提短途登机旅游健身收纳袋 | 商品名称:汉客可折叠旅行包女大容量出差行李袋手提短途登机旅游健身收纳袋 | label:手提袋 | Llabel:出行用品 | 商品分类:出行用品 | 商品价格:127 | 店铺名称:汉客旗舰店 | 所属地区名称:湖南 | ASR:汉克可折叠旅行包女大容量出差行李带手提短途登基旅游健身收纳带。,1,208,458
460,/home/zhaoshuai/workspace/CommoditySemanticAlignmentDemo/datas/origin_datas/images_part/460.jpg,/home/zhaoshuai/workspace/CommoditySemanticAlignmentDemo/datas/origin_datas/audio_part/460.mp3,title:MYEDITION斜挎包原创简约通勤多用充棉电脑托特包商务单肩手提包 | 商品名称:MYEDITION斜挎包原创简约通勤多用充棉电脑托特包商务单肩手提包 | label:手提袋 | Llabel:出行用品 | 商品分类:出行用品 | 商品价格:228 | 店铺名称:myedition旗舰店 | 所属地区名称:广东 | ASR:MyD省鞋跨包原创剪约通勤多用充棉电脑托特包商物单间手提包。,1,209,459
461,/home/zhaoshuai/workspace/CommoditySemanticAlignmentDemo/datas/origin_datas/images_part/461.jpg,/home/zhaoshuai/workspace/CommoditySemanticAlignmentDemo/datas/origin_datas/audio_part/461.mp3,title:编织袋手提袋显眼包环保袋蛇皮袋展会广告超大号可定制logo宣传 | 商品名称:编织袋手提袋显眼包环保袋蛇皮袋展会广告超大号可定制logo宣传 | label:手提袋 | Llabel:出行用品 | 商品分类:出行用品 | 商品价格:1.4 | 店铺名称:美悦力旗舰店 | 所属地区名称:浙江 | ASR:编织戴手提带闲眼包环保戴蛇皮带展会广告超大号肯定指Logo宣传。,1,210,460
462,/home/zhaoshuai/workspace/CommoditySemanticAlignmentDemo/datas/origin_datas/images_part/462.jpg,/home/zhaoshuai/workspace/CommoditySemanticAlignmentDemo/datas/origin_datas/audio_part/462.mp3,title:大号环保购物袋单肩包时尚可折叠便携手提袋大容量超市买菜包防水 | 商品名称:大号环保购物袋单肩包时尚可折叠便携手提袋大容量超市买菜包防水 | label:手提袋 | Llabel:出行用品 | 商品分类:出行用品 | 商品价格:7.57 | 店铺名称:新风尚主义 | 所属地区名称:广东 | ASR:大号环保购物带单肩包时尚可折叠变斜手提带大容量超市买菜包防水。,1,211,461
463,/home/zhaoshuai/workspace/CommoditySemanticAlignmentDemo/datas/origin_datas/images_part/463.jpg,/home/zhaoshuai/workspace/CommoditySemanticAlignmentDemo/datas/origin_datas/audio_part/463.mp3,title:百合清韵帆布手提袋防水时尚外出托特包上班环保礼品袋帆布定制 | 商品名称:百合清韵帆布手提袋防水时尚外出托特包上班环保礼品袋帆布定制 | label:手提袋 | Llabel:出行用品 | 商品分类:出行用品 | 商品价格:4.9 | 店铺名称:莔猫居家日用旗舰店 | 所属地区名称:浙江 | ASR:百合青云翻步手提待防水时尚外出脱特包上番环保离品带翻步定制,1,212,462
464,/home/zhaoshuai/workspace/CommoditySemanticAlignmentDemo/datas/origin_datas/images_part/464.jpg,/home/zhaoshuai/workspace/CommoditySemanticAlignmentDemo/datas/origin_datas/audio_part/464.mp3,title:OK秋季美拉德侘寂风单肩包复古仿麂皮绒磨砂通勤包女大容量手提包 | 商品名称:OK秋季美拉德侘寂风单肩包复古仿麂皮绒磨砂通勤包女大容量手提包 | label:手提袋 | Llabel:出行用品 | 商品分类:出行用品 | 商品价格:49.3 | 店铺名称:OK Studios | 所属地区名称:广东 | ASR:OK 秋季美拉德差距疯丹肩膀复古防技皮容磨砂通勤包女大容量手提包。,1,213,463
465,/home/zhaoshuai/workspace/CommoditySemanticAlignmentDemo/datas/origin_datas/images_part/465.jpg,/home/zhaoshuai/workspace/CommoditySemanticAlignmentDemo/datas/origin_datas/audio_part/465.mp3,title:咖啡色服装店无纺布包装袋衣服打包袋子礼品购物手提袋定制LOGO | 商品名称:咖啡色服装店无纺布包装袋衣服打包袋子礼品购物手提袋定制LOGO | label:手提袋 | Llabel:出行用品 | 商品分类:出行用品 | 商品价格:8.08 | 店铺名称:帛礼 BOLI | 所属地区名称:浙江 | ASR:咖啡色服装店 无房部 包装戴衣服打包 戴子离品 购物手提带 定制logo,1,214,464
466,/home/zhaoshuai/workspace/CommoditySemanticAlignmentDemo/datas/origin_datas/images_part/466.jpg,/home/zhaoshuai/workspace/CommoditySemanticAlignmentDemo/datas/origin_datas/audio_part/466.mp3,title:杜邦纸袋定制手提袋托特包牛皮纸单肩环保购物袋广告袋定做印logo | 商品名称:杜邦纸袋定制手提袋托特包牛皮纸单肩环保购物袋广告袋定做印logo | label:手提袋 | Llabel:出行用品 | 商品分类:出行用品 | 商品价格:1.5 | 店铺名称:大圣制袋 | 所属地区名称:浙江 | ASR:杜邦指带定制手提带托特包牛皮纸单间环保购物带广告带定座印 logo,1,215,465
467,/home/zhaoshuai/workspace/CommoditySemanticAlignmentDemo/datas/origin_datas/images_part/467.jpg,/home/zhaoshuai/workspace/CommoditySemanticAlignmentDemo/datas/origin_datas/audio_part/467.mp3,title:高档服装店抹茶绿无纺布女装手提袋子衣服用打包购物包装袋定制 | 商品名称:高档服装店抹茶绿无纺布女装手提袋子衣服用打包购物包装袋定制 | label:手提袋 | Llabel:出行用品 | 商品分类:出行用品 | 商品价格:34 | 店铺名称:帛礼 BOLI | 所属地区名称:浙江 | ASR:高档服装点抹茶绿无防部女装手提袋子衣服用打包构物包装带定制。,1,216,466
468,/home/zhaoshuai/workspace/CommoditySemanticAlignmentDemo/datas/origin_datas/images_part/468.jpg,/home/zhaoshuai/workspace/CommoditySemanticAlignmentDemo/datas/origin_datas/audio_part/468.mp3,title:帆布袋定制logo帆布包定做环保购物袋子广告宣传袋手提书帆布包 | 商品名称:帆布袋定制logo帆布包定做环保购物袋子广告宣传袋手提书帆布包 | label:手提袋 | Llabel:出行用品 | 商品分类:出行用品 | 商品价格:1 | 店铺名称:帆师傅旗舰店 | 所属地区名称:浙江 | ASR:翻捕代定指Logo翻捕包定做环保购物代资广告宣传代手提书翻捕包。,1,217,467
469,/home/zhaoshuai/workspace/CommoditySemanticAlignmentDemo/datas/origin_datas/images_part/469.jpg,/home/zhaoshuai/workspace/CommoditySemanticAlignmentDemo/datas/origin_datas/audio_part/469.mp3,title:汉客可折叠旅行包女大容量出差行李袋手提短途登机旅游健身收纳袋 | 商品名称:汉客可折叠旅行包女大容量出差行李袋手提短途登机旅游健身收纳袋 | label:手提袋 | Llabel:出行用品 | 商品分类:出行用品 | 商品价格:127 | 店铺名称:汉客旗舰店 | 所属地区名称:湖南 | ASR:汉克可折叠旅行包女大容量出差行李带手提短途登基旅游健身收纳带。,1,218,468
470,/home/zhaoshuai/workspace/CommoditySemanticAlignmentDemo/datas/origin_datas/images_part/470.jpg,/home/zhaoshuai/workspace/CommoditySemanticAlignmentDemo/datas/origin_datas/audio_part/470.mp3,title:批发现货空白手绘涂鸦diy环保帆布袋定制 手提帆布包定做logo加急 | 商品名称:批发现货空白手绘涂鸦diy环保帆布袋定制 手提帆布包定做logo加急 | label:手提袋 | Llabel:出行用品 | 商品分类:出行用品 | 商品价格:1.5 | 店铺名称:夏诚旗舰店 | 所属地区名称:浙江 | ASR:批发现或空白手会图压DiY环保翻部带定制手提翻部包定作logo加级。,1,219,469
471,/home/zhaoshuai/workspace/CommoditySemanticAlignmentDemo/datas/origin_datas/images_part/471.jpg,/home/zhaoshuai/workspace/CommoditySemanticAlignmentDemo/datas/origin_datas/audio_part/471.mp3,title:七匹狼短途旅行包男款大容量干湿分离运动健身包手提包出差行李包 | 商品名称:七匹狼短途旅行包男款大容量干湿分离运动健身包手提包出差行李包 | label:手提袋 | Llabel:出行用品 | 商品分类:出行用品 | 商品价格:112 | 店铺名称:七匹狼箱包奥莱旗舰店 | 所属地区名称:广东 | ASR:七皮狼短涂旅行包南款大容量干尸分离运动健身包手提包出差行李包。,1,220,470
472,/home/zhaoshuai/workspace/CommoditySemanticAlignmentDemo/datas/origin_datas/images_part/472.jpg,/home/zhaoshuai/workspace/CommoditySemanticAlignmentDemo/datas/origin_datas/audio_part/472.mp3,title:高档无纺布服装店手提袋女装衣服包装购物礼品打包袋子定制批发 | 商品名称:高档无纺布服装店手提袋女装衣服包装购物礼品打包袋子定制批发 | label:手提袋 | Llabel:出行用品 | 商品分类:出行用品 | 商品价格:5.5 | 店铺名称:包装妹旗舰店 | 所属地区名称:浙江 | ASR:高档无防部服装店手提带女装衣服包装购物离品打包带子订制批发。,1,221,471
473,/home/zhaoshuai/workspace/CommoditySemanticAlignmentDemo/datas/origin_datas/images_part/473.jpg,/home/zhaoshuai/workspace/CommoditySemanticAlignmentDemo/datas/origin_datas/audio_part/473.mp3,"title:一个起订杜邦纸袋定制印logo毕设应援周边手提拉链包加急定做ins | 商品名称:一个起订杜邦纸袋定制印logo毕设应援周边手提拉链包加急定做ins | label:手提袋 | Llabel:出行用品 | 商品分类:出行用品 | 商品价格:10 | 店铺名称:大大制袋店 | 所属地区名称:浙江 | ASR:一个起定度帮指贷定之隐,LogoB摄影员周边手提拉链包加级定座因此。",1,222,472
474,/home/zhaoshuai/workspace/CommoditySemanticAlignmentDemo/datas/origin_datas/images_part/474.jpg,/home/zhaoshuai/workspace/CommoditySemanticAlignmentDemo/datas/origin_datas/audio_part/474.mp3,title:尼龙帆布包定制logo手提帆布袋托特包来图定制学校礼品活动宣传 | 商品名称:尼龙帆布包定制logo手提帆布袋托特包来图定制学校礼品活动宣传 | label:手提袋 | Llabel:出行用品 | 商品分类:出行用品 | 商品价格:29 | 店铺名称:上海运杰环保制袋 | 所属地区名称:上海 | ASR:《泥龙翻步》包定制Logo 手提翻步戴托特 包来图定制学校离品活动宣传,1,223,473
475,/home/zhaoshuai/workspace/CommoditySemanticAlignmentDemo/datas/origin_datas/images_part/475.jpg,/home/zhaoshuai/workspace/CommoditySemanticAlignmentDemo/datas/origin_datas/audio_part/475.mp3,title:健身包男皮质短途旅行包大容量背包运动干湿分离游泳包手提行李 | 商品名称:健身包男皮质短途旅行包大容量背包运动干湿分离游泳包手提行李 | label:手提袋 | Llabel:出行用品 | 商品分类:出行用品 | 商品价格:74 | 店铺名称:墨一旗舰店 | 所属地区名称:广东 | ASR:健身包南皮制短图旅行包大容量背包运动干丝分离游泳包手提行里。,1,224,474
476,/home/zhaoshuai/workspace/CommoditySemanticAlignmentDemo/datas/origin_datas/images_part/476.jpg,/home/zhaoshuai/workspace/CommoditySemanticAlignmentDemo/datas/origin_datas/audio_part/476.mp3,title:毛毡包定制logo大容量青年休闲印刷简约字母手提包购物袋礼品袋女 | 商品名称:毛毡包定制logo大容量青年休闲印刷简约字母手提包购物袋礼品袋女 | label:手提袋 | Llabel:出行用品 | 商品分类:出行用品 | 商品价格:2 | 店铺名称:鑫梓皮草店 | 所属地区名称:河北 | ASR:毛占包定指Logo大容量青年休闲印刷剪约自母手提包购物代离品代女,1,225,475
477,/home/zhaoshuai/workspace/CommoditySemanticAlignmentDemo/datas/origin_datas/images_part/477.jpg,/home/zhaoshuai/workspace/CommoditySemanticAlignmentDemo/datas/origin_datas/audio_part/477.mp3,title:运动健身包男大容量干湿分离手提包旅行斜挎行李袋轻便出差游泳包 | 商品名称:运动健身包男大容量干湿分离手提包旅行斜挎行李袋轻便出差游泳包 | label:手提袋 | Llabel:出行用品 | 商品分类:出行用品 | 商品价格:74.9 | 店铺名称:jinshiwq旗舰店 | 所属地区名称:河北 | ASR:运动健身包囊大容量干湿分离手提包旅行协跨行李带轻便出差游泳包。,1,226,476
478,/home/zhaoshuai/workspace/CommoditySemanticAlignmentDemo/datas/origin_datas/images_part/478.jpg,/home/zhaoshuai/workspace/CommoditySemanticAlignmentDemo/datas/origin_datas/audio_part/478.mp3,title:特大号环保帆布购物袋初高中书本零食手提收纳袋出门方便携带结实 | 商品名称:特大号环保帆布购物袋初高中书本零食手提收纳袋出门方便携带结实 | label:手提袋 | Llabel:出行用品 | 商品分类:出行用品 | 商品价格:24.9 | 店铺名称:悠悦家居 | 所属地区名称:广东 | ASR:特大号环保翻部购物带出高中书本零时手提收纳袋出门方便携带阶时。,1,227,477
479,/home/zhaoshuai/workspace/CommoditySemanticAlignmentDemo/datas/origin_datas/images_part/479.jpg,/home/zhaoshuai/workspace/CommoditySemanticAlignmentDemo/datas/origin_datas/audio_part/479.mp3,title:咖啡色服装店无纺布包装袋衣服打包袋子礼品购物手提袋定制LOGO | 商品名称:咖啡色服装店无纺布包装袋衣服打包袋子礼品购物手提袋定制LOGO | label:手提袋 | Llabel:出行用品 | 商品分类:出行用品 | 商品价格:8.08 | 店铺名称:帛礼 BOLI | 所属地区名称:浙江 | ASR:咖啡色服装店 无房部 包装戴衣服打包 戴子离品 购物手提带 定制logo,1,228,478
480,/home/zhaoshuai/workspace/CommoditySemanticAlignmentDemo/datas/origin_datas/images_part/480.jpg,/home/zhaoshuai/workspace/CommoditySemanticAlignmentDemo/datas/origin_datas/audio_part/480.mp3,title:多功能旅行包干湿分离运动健身包男商务出差训练包户外手提行李包 | 商品名称:多功能旅行包干湿分离运动健身包男商务出差训练包户外手提行李包 | label:手提袋 | Llabel:出行用品 | 商品分类:出行用品 | 商品价格:58 | 店铺名称:SuNMan超人 STUDIO | 所属地区名称:河北 | ASR:多功能旅行包干尸分离运动健身包南商物出差训练包户外手提行礼包。,1,229,479
481,/home/zhaoshuai/workspace/CommoditySemanticAlignmentDemo/datas/origin_datas/images_part/481.jpg,/home/zhaoshuai/workspace/CommoditySemanticAlignmentDemo/datas/origin_datas/audio_part/481.mp3,title:外口袋帆布包来图定制包包高端高档皮革托特包学校企业宣传帆布袋 | 商品名称:外口袋帆布包来图定制包包高端高档皮革托特包学校企业宣传帆布袋 | label:手提袋 | Llabel:出行用品 | 商品分类:出行用品 | 商品价格:19 | 店铺名称:创定旗舰店 | 所属地区名称:广东 | ASR:外口代翻步包来图定制包包高端高端皮格拖特包学校企业宣传翻步代。,1,230,480
482,/home/zhaoshuai/workspace/CommoditySemanticAlignmentDemo/datas/origin_datas/images_part/482.jpg,/home/zhaoshuai/workspace/CommoditySemanticAlignmentDemo/datas/origin_datas/audio_part/482.mp3,title:超大容量滑雪包手提行李收纳袋男款轻便短途出行旅行包运动健身包 | 商品名称:超大容量滑雪包手提行李收纳袋男款轻便短途出行旅行包运动健身包 | label:手提袋 | Llabel:出行用品 | 商品分类:出行用品 | 商品价格:69 | 店铺名称:SuNMan超人 STUDIO | 所属地区名称:河北 | ASR:超大容量滑雪包手提行力收纳代南款轻便短途出行旅行包运动健身包。,1,231,481
483,/home/zhaoshuai/workspace/CommoditySemanticAlignmentDemo/datas/origin_datas/images_part/483.jpg,/home/zhaoshuai/workspace/CommoditySemanticAlignmentDemo/datas/origin_datas/audio_part/483.mp3,title:日系ins无印女士新款购物袋休闲款超轻大容量尼龙布单肩包托特包 | 商品名称:日系ins无印女士新款购物袋休闲款超轻大容量尼龙布单肩包托特包 | label:手提袋 | Llabel:出行用品 | 商品分类:出行用品 | 商品价格:23.8 | 店铺名称:Muse studio缪斯工作室 原创设计 | 所属地区名称:河北 | ASR:日系人苏印女士新款购物代修嫌款超轻大容量泥龙布担坚包托特包。,1,232,482
484,/home/zhaoshuai/workspace/CommoditySemanticAlignmentDemo/datas/origin_datas/images_part/484.jpg,/home/zhaoshuai/workspace/CommoditySemanticAlignmentDemo/datas/origin_datas/audio_part/484.mp3,title:搬家袋收纳袋旅行打包袋宿舍棉被袋子手提袋防尘防潮大容量加厚袋 | 商品名称:搬家袋收纳袋旅行打包袋宿舍棉被袋子手提袋防尘防潮大容量加厚袋 | label:手提袋 | Llabel:出行用品 | 商品分类:出行用品 | 商品价格:3.5 | 店铺名称:淦唯袋业 | 所属地区名称:广东 | ASR:斑加代收纳代旅行打包代素设棉被袋子手提袋防尘防潮大容量加厚袋。,1,233,483
485,/home/zhaoshuai/workspace/CommoditySemanticAlignmentDemo/datas/origin_datas/images_part/485.jpg,/home/zhaoshuai/workspace/CommoditySemanticAlignmentDemo/datas/origin_datas/audio_part/485.mp3,title:文创大容量手提帆布包高端私人定制学校宣传礼品包加急夏日帆布袋 | 商品名称:文创大容量手提帆布包高端私人定制学校宣传礼品包加急夏日帆布袋 | label:手提袋 | Llabel:出行用品 | 商品分类:出行用品 | 商品价格:22.5 | 店铺名称:贝贝箱包定制 | 所属地区名称:上海 | ASR:文床大容量手提翻步包高端私人定制学校宣传离品包加级下日翻步代。,1,234,484
486,/home/zhaoshuai/workspace/CommoditySemanticAlignmentDemo/datas/origin_datas/images_part/486.jpg,/home/zhaoshuai/workspace/CommoditySemanticAlignmentDemo/datas/origin_datas/audio_part/486.mp3,title:Lee运动健身包女干湿分离短途旅行包男大容量出差手提行李包游泳 | 商品名称:Lee运动健身包女干湿分离短途旅行包男大容量出差手提行李包游泳 | label:手提袋 | Llabel:出行用品 | 商品分类:出行用品 | 商品价格:168 | 店铺名称:Lee箱包奥莱旗舰店 | 所属地区名称:广东 | ASR:林运动健身包女肝师分离短途旅行包男大容量出拆手提行李包游泳。,1,235,485
487,/home/zhaoshuai/workspace/CommoditySemanticAlignmentDemo/datas/origin_datas/images_part/487.jpg,/home/zhaoshuai/workspace/CommoditySemanticAlignmentDemo/datas/origin_datas/audio_part/487.mp3,title:帆布袋加急定制麻布手提帆布包定做空白diy布袋环保购物袋印LOGO | 商品名称:帆布袋加急定制麻布手提帆布包定做空白diy布袋环保购物袋印LOGO | label:手提袋 | Llabel:出行用品 | 商品分类:出行用品 | 商品价格:5 | 店铺名称:李氏布袋 | 所属地区名称:广东 | ASR:翻部代加级定制麻布手提翻部包定作空白DIY不代环保购物代业Logo,1,236,486
488,/home/zhaoshuai/workspace/CommoditySemanticAlignmentDemo/datas/origin_datas/images_part/488.jpg,/home/zhaoshuai/workspace/CommoditySemanticAlignmentDemo/datas/origin_datas/audio_part/488.mp3,title:牛皮纸袋手提袋印刷logo礼品袋包装红色烘焙外卖奶茶袋子定制批发 | 商品名称:牛皮纸袋手提袋印刷logo礼品袋包装红色烘焙外卖奶茶袋子定制批发 | label:手提袋 | Llabel:出行用品 | 商品分类:出行用品 | 商品价格:3.8 | 店铺名称:温州春圆包装 | 所属地区名称:浙江 | ASR:牛皮纸带手提带印刷Logo 离品带包装红色烘焙外卖奶茶袋子定制批发,1,237,487
489,/home/zhaoshuai/workspace/CommoditySemanticAlignmentDemo/datas/origin_datas/images_part/489.jpg,/home/zhaoshuai/workspace/CommoditySemanticAlignmentDemo/datas/origin_datas/audio_part/489.mp3,title:得力补习袋手提袋拎书袋小学生用男孩书包文件袋帆布美术补习班作业文件试卷收纳儿童学习补课包拉链式 | 商品名称:得力补习袋手提袋拎书袋小学生用男孩书包文件袋帆布美术补习班作业文件试卷收纳儿童学习补课包拉链式 | label:手提袋 | Llabel:出行用品 | 商品分类:出行用品 | 商品价格:20.92 | 店铺名称:锐耀数码专营店 | 所属地区名称:安徽 | ASR:德力补习戴手提带林书代小学生用南海书包文件带翻部美术补习班座也文件事卷收纳而同学习补课包拉恋式。,1,238,488
490,/home/zhaoshuai/workspace/CommoditySemanticAlignmentDemo/datas/origin_datas/images_part/490.jpg,/home/zhaoshuai/workspace/CommoditySemanticAlignmentDemo/datas/origin_datas/audio_part/490.mp3,title:汉客可折叠旅行包女大容量出差行李袋手提短途登机旅游健身收纳袋 | 商品名称:汉客可折叠旅行包女大容量出差行李袋手提短途登机旅游健身收纳袋 | label:手提袋 | Llabel:出行用品 | 商品分类:出行用品 | 商品价格:127 | 店铺名称:汉客旗舰店 | 所属地区名称:湖南 | ASR:汉克可折叠旅行包女大容量出差行李带手提短途登基旅游健身收纳带。,1,239,489
491,/home/zhaoshuai/workspace/CommoditySemanticAlignmentDemo/datas/origin_datas/images_part/491.jpg,/home/zhaoshuai/workspace/CommoditySemanticAlignmentDemo/datas/origin_datas/audio_part/491.mp3,title:定制服装手提袋礼品袋加厚牛皮纸袋购物袋手提袋包装批发印刷logo | 商品名称:定制服装手提袋礼品袋加厚牛皮纸袋购物袋手提袋包装批发印刷logo | label:手提袋 | Llabel:出行用品 | 商品分类:出行用品 | 商品价格:0.55 | 店铺名称:娜公子studio | 所属地区名称:浙江 | ASR:订制服装手提袋离品袋加后牛皮纸袋购物带手提袋包装批发印刷logo。,1,240,490
492,/home/zhaoshuai/workspace/CommoditySemanticAlignmentDemo/datas/origin_datas/images_part/492.jpg,/home/zhaoshuai/workspace/CommoditySemanticAlignmentDemo/datas/origin_datas/audio_part/492.mp3,title:凯旋者帆布包女包手提包小包小方包便当包妈咪包帆布袋定制印logo | 商品名称:凯旋者帆布包女包手提包小包小方包便当包妈咪包帆布袋定制印logo | label:手提袋 | Llabel:出行用品 | 商品分类:出行用品 | 商品价格:8.42 | 店铺名称:凯旋者帆布袋 原创定制 | 所属地区名称:河北 | ASR:开选者翻捕包女包手提包小包小方包便当包骂米包翻捕袋定之隐 logo,1,241,491
493,/home/zhaoshuai/workspace/CommoditySemanticAlignmentDemo/datas/origin_datas/images_part/493.jpg,/home/zhaoshuai/workspace/CommoditySemanticAlignmentDemo/datas/origin_datas/audio_part/493.mp3,title:批发现货空白手绘涂鸦diy环保帆布袋定制 手提帆布包定做logo加急 | 商品名称:批发现货空白手绘涂鸦diy环保帆布袋定制 手提帆布包定做logo加急 | label:手提袋 | Llabel:出行用品 | 商品分类:出行用品 | 商品价格:1.5 | 店铺名称:夏诚旗舰店 | 所属地区名称:浙江 | ASR:批发现或空白手会图压DiY环保翻部带定制手提翻部包定作logo加级。,1,242,492
494,/home/zhaoshuai/workspace/CommoditySemanticAlignmentDemo/datas/origin_datas/images_part/494.jpg,/home/zhaoshuai/workspace/CommoditySemanticAlignmentDemo/datas/origin_datas/audio_part/494.mp3,title:手提袋定制logo时尚外出购物伴手礼袋环保包帆布袋礼品袋麻布子 | 商品名称:手提袋定制logo时尚外出购物伴手礼袋环保包帆布袋礼品袋麻布子 | label:手提袋 | Llabel:出行用品 | 商品分类:出行用品 | 商品价格:3.16 | 店铺名称:益鸿麻布袋厂 | 所属地区名称:浙江 | ASR:手提带定制logo时尚外出购物版手里带环保包翻部带离品代麻布纸。,1,243,493
495,/home/zhaoshuai/workspace/CommoditySemanticAlignmentDemo/datas/origin_datas/images_part/495.jpg,/home/zhaoshuai/workspace/CommoditySemanticAlignmentDemo/datas/origin_datas/audio_part/495.mp3,title:黑色高级感礼品袋手提袋男生日礼物袋包装袋子小大号纸袋伴手礼 | 商品名称:黑色高级感礼品袋手提袋男生日礼物袋包装袋子小大号纸袋伴手礼 | label:手提袋 | Llabel:出行用品 | 商品分类:出行用品 | 商品价格:5.78 | 店铺名称:欧彩弘拓旗舰店 | 所属地区名称:广东 | ASR:黑色高级感离品戴手提带男生日理物带包装戴子小大号指带半手里。,1,244,494
496,/home/zhaoshuai/workspace/CommoditySemanticAlignmentDemo/datas/origin_datas/images_part/496.jpg,/home/zhaoshuai/workspace/CommoditySemanticAlignmentDemo/datas/origin_datas/audio_part/496.mp3,title:牛皮纸袋定制手提袋子红酒蜂蜜茶叶礼品礼物包装袋服装店子定做 | 商品名称:牛皮纸袋定制手提袋子红酒蜂蜜茶叶礼品礼物包装袋服装店子定做 | label:手提袋 | Llabel:出行用品 | 商品分类:出行用品 | 商品价格:2.49 | 店铺名称:hugnest旗舰店 | 所属地区名称:浙江 | ASR:牛皮纸袋定制手提袋子红酒蜂蜜茶叶离品礼物包装袋服装垫子定座。,1,245,495
497,/home/zhaoshuai/workspace/CommoditySemanticAlignmentDemo/datas/origin_datas/images_part/497.jpg,/home/zhaoshuai/workspace/CommoditySemanticAlignmentDemo/datas/origin_datas/audio_part/497.mp3,title:Mrace大容量短途旅行包女可折叠出差行李袋轻便扩容斜挎手提包男 | 商品名称:Mrace大容量短途旅行包女可折叠出差行李袋轻便扩容斜挎手提包男 | label:手提袋 | Llabel:出行用品 | 商品分类:出行用品 | 商品价格:186 | 店铺名称:mracehomme旗舰店 | 所属地区名称:广东 | ASR:Race大容量短途旅行包女可折叠出差行李带轻便 破容鞋跨手提包囊。,1,246,496
498,/home/zhaoshuai/workspace/CommoditySemanticAlignmentDemo/datas/origin_datas/images_part/498.jpg,/home/zhaoshuai/workspace/CommoditySemanticAlignmentDemo/datas/origin_datas/audio_part/498.mp3,title:网红服装店暗扣无纺布手提袋定制童装衣服礼品包装袋女装袋子手提 | 商品名称:网红服装店暗扣无纺布手提袋定制童装衣服礼品包装袋女装袋子手提 | label:手提袋 | Llabel:出行用品 | 商品分类:出行用品 | 商品价格:5.52 | 店铺名称:卡卡艺术 吊牌 | 所属地区名称:浙江 | ASR:网红服装店暗扣无防部首提待定制同装衣服、离品包装、带女装、带子首提,1,247,497
499,/home/zhaoshuai/workspace/CommoditySemanticAlignmentDemo/datas/origin_datas/images_part/499.jpg,/home/zhaoshuai/workspace/CommoditySemanticAlignmentDemo/datas/origin_datas/audio_part/499.mp3,title:无纺布手提袋带扣服装店眼镜店茶叶袋子购物礼品袋定制定做印LOGO | 商品名称:无纺布手提袋带扣服装店眼镜店茶叶袋子购物礼品袋定制定做印LOGO | label:手提袋 | Llabel:出行用品 | 商品分类:出行用品 | 商品价格:0.6 | 店铺名称:印尊旗舰店 | 所属地区名称:浙江 | ASR:湖房不首提待戴扣服装点眼镜点茶叶袋子购物离品代定制订作品Logo,1,248,498
500,/home/zhaoshuai/workspace/CommoditySemanticAlignmentDemo/datas/origin_datas/images_part/500.jpg,/home/zhaoshuai/workspace/CommoditySemanticAlignmentDemo/datas/origin_datas/audio_part/500.mp3,title:ins风化妆包洗漱包便携防水手提透明PU磨砂洗浴游泳收纳袋大容量 | 商品名称:ins风化妆包洗漱包便携防水手提透明PU磨砂洗浴游泳收纳袋大容量 | label:手提袋 | Llabel:出行用品 | 商品分类:出行用品 | 商品价格:4.93 | 店铺名称:旅行行者 | 所属地区名称:浙江 | ASR:因此分化妆包洗术包便鞋防水手提透明PU摩杀洗域游泳收纳带大容量。,1,249,499
